FileName,Age,Telomere_Length,Total_Reads,c_strand,g_strand,g_strand_mutations_G>A_g1,g_strand_mutations_G>A_g2,g_strand_mutations_G>A_g3,g_strand_mutations_G>C_g1,g_strand_mutations_G>C_g2,g_strand_mutations_G>C_g3,g_strand_mutations_G>T_g1,g_strand_mutations_G>T_g2,g_strand_mutations_G>T_g3,g_strand_mutations_T>A_t1,g_strand_mutations_T>A_t2,g_strand_mutations_T>C_t1,g_strand_mutations_T>C_t2,g_strand_mutations_T>G_t1,g_strand_mutations_T>G_t2,g_strand_mutations_A>T_a1,g_strand_mutations_A>G_a1,g_strand_mutations_A>C_a1,c_strand_mutations_C>A_c1,c_strand_mutations_C>A_c2,c_strand_mutations_C>A_c3,c_strand_mutations_C>G_c1,c_strand_mutations_C>G_c2,c_strand_mutations_C>G_c3,c_strand_mutations_C>T_c1,c_strand_mutations_C>T_c2,c_strand_mutations_C>T_c3,c_strand_mutations_T>A_t1,c_strand_mutations_T>C_t1,c_strand_mutations_T>G_t1,c_strand_mutations_A>T_a1,c_strand_mutations_A>T_a2,c_strand_mutations_A>G_a1,c_strand_mutations_A>G_a2,c_strand_mutations_A>C_a1,c_strand_mutations_A>C_a2,g_strand_mutations_G>A_g1_per_1k,g_strand_mutations_G>A_g2_per_1k,g_strand_mutations_G>A_g3_per_1k,g_strand_mutations_G>C_g1_per_1k,g_strand_mutations_G>C_g2_per_1k,g_strand_mutations_G>C_g3_per_1k,g_strand_mutations_G>T_g1_per_1k,g_strand_mutations_G>T_g2_per_1k,g_strand_mutations_G>T_g3_per_1k,g_strand_mutations_T>A_t1_per_1k,g_strand_mutations_T>A_t2_per_1k,g_strand_mutations_T>C_t1_per_1k,g_strand_mutations_T>C_t2_per_1k,g_strand_mutations_T>G_t1_per_1k,g_strand_mutations_T>G_t2_per_1k,g_strand_mutations_A>T_a1_per_1k,g_strand_mutations_A>G_a1_per_1k,g_strand_mutations_A>C_a1_per_1k,c_strand_mutations_C>A_c1_per_1k,c_strand_mutations_C>A_c2_per_1k,c_strand_mutations_C>A_c3_per_1k,c_strand_mutations_C>G_c1_per_1k,c_strand_mutations_C>G_c2_per_1k,c_strand_mutations_C>G_c3_per_1k,c_strand_mutations_C>T_c1_per_1k,c_strand_mutations_C>T_c2_per_1k,c_strand_mutations_C>T_c3_per_1k,c_strand_mutations_T>A_t1_per_1k,c_strand_mutations_T>C_t1_per_1k,c_strand_mutations_T>G_t1_per_1k,c_strand_mutations_A>T_a1_per_1k,c_strand_mutations_A>T_a2_per_1k,c_strand_mutations_A>G_a1_per_1k,c_strand_mutations_A>G_a2_per_1k,c_strand_mutations_A>C_a1_per_1k,c_strand_mutations_A>C_a2_per_1k,g_strand_G>A_per_1k,g_strand_G>C_per_1k,g_strand_G>T_per_1k,g_strand_T>A_per_1k,g_strand_T>C_per_1k,g_strand_T>G_per_1k,g_strand_A>T_per_1k,g_strand_A>G_per_1k,g_strand_A>C_per_1k,c_strand_C>A_per_1k,c_strand_C>G_per_1k,c_strand_C>T_per_1k,c_strand_T>A_per_1k,c_strand_T>C_per_1k,c_strand_T>G_per_1k,c_strand_A>T_per_1k,c_strand_A>G_per_1k,c_strand_A>C_per_1k,composite_transition_per_1k,composite_transversion_per_1k,g_strand_mutations_sum_per_1k,c_strand_mutations_sum_per_1k,log_telomere_length,telomere_length_bin,telomere_transition_interaction,mutation_rate_normalized_by_length,log_telomere_tg_composite,composite_score,g_strand_G>A_sum_per_1k,g_strand_G>C_sum_per_1k,g_strand_G>T_sum_per_1k,g_strand_T>A_sum_per_1k,g_strand_T>C_sum_per_1k,g_strand_T>G_sum_per_1k,g_strand_A>T_sum_per_1k,g_strand_A>G_sum_per_1k,g_strand_A>C_sum_per_1k,c_strand_C>A_sum_per_1k,c_strand_C>G_sum_per_1k,c_strand_C>T_sum_per_1k,c_strand_T>A_sum_per_1k,c_strand_T>C_sum_per_1k,c_strand_T>G_sum_per_1k,c_strand_A>T_sum_per_1k,c_strand_A>G_sum_per_1k,c_strand_A>C_sum_per_1k,total_mutations_per_1k_strand_specific,total_mutations_over_total_g_strand_2xrepeats_per_1k,total_mutations_over_total_c_strand_2xrepeats_per_1k
barcode01_outputc.fastq,,,47,4328,20,0,0,1,0,0,0,0,0,0,0,0,0,0,0,1,0,1,0,0,0,0,4,0,0,4,0,2,18,10,12,23,4,31,122,12,31,0.0,0.0,43.47826086956522,0.0,0.0,0.0,0.0,0.0,0.0,0.0,0.0,0.0,0.0,0.0,43.47826086956522,0.0,43.47826086956522,0.0,0.0,0.0,0.0,0.869376222560313,0.0,0.0,0.869376222560313,0.0,0.4346881112801565,3.9121930015214086,2.173440556400782,2.608128667680939,4.998913279721799,0.869376222560313,6.737665724842426,26.515974788089547,2.608128667680939,6.737665724842426,43.47826086956522,0.0,0.0,0.0,0.0,43.47826086956522,0.0,43.47826086956522,0.0,0.0,0.869376222560313,1.3040643338404696,3.9121930015214086,2.173440556400782,2.608128667680939,5.868289502282113,33.253640512931966,9.345794392523365,121.51422658590288,66.08204265613335,130.43478260869566,59.334927189741364,0,unknown,0,0,0,0,43.47826086956522,0.0,0.0,0.0,0.0,43.47826086956522,0.0,43.47826086956522,0.0,0.0,0.869376222560313,1.3040643338404694,3.9121930015214086,2.173440556400782,2.608128667680939,5.868289502282113,33.25364051293197,9.345794392523365,60.642825413050446,12000.0,59.98695935666159
barcode01_outputg.fastq,,,112,82,16718,11,8,18,0,0,6,3,3,5,5,2,26,0,36,14,170,168,106,0,0,0,0,0,0,0,0,0,1,0,0,1,0,0,6,1,7,0.6358749060639343,0.4624544771374068,1.0405225735591652,0.0,0.0,0.3468408578530551,0.17342042892652754,0.17342042892652754,0.2890340482108792,0.2890340482108792,0.1156136192843517,1.502977050696572,0.0,2.0810451471183304,0.8092953349904618,9.827157639169894,9.711544019885542,6.12752182207064,0.0,0.0,0.0,0.0,0.0,0.0,0.0,0.0,0.0,10.204081632653061,0.0,0.0,10.204081632653061,0.0,0.0,61.224489795918366,10.204081632653061,71.42857142857143,2.1388519567605067,0.3468408578530551,0.6358749060639343,0.4046476674952309,1.502977050696572,2.8903404821087926,9.827157639169894,9.711544019885542,6.12752182207064,0.0,0.0,0.0,10.204081632653061,0.0,0.0,10.204081632653061,61.224489795918366,81.63265306122449,74.57786282326099,122.27319970129216,33.58575640210417,163.26530612244898,0,unknown,0,0,0,0,2.138851956760506,0.3468408578530551,0.6358749060639343,0.4046476674952309,1.502977050696572,2.890340482108792,9.827157639169894,9.711544019885542,6.12752182207064,0.0,0.0,0.0,10.204081632653061,0.0,0.0,10.204081632653061,61.224489795918366,81.63265306122449,35.45551375522805,34.510665356378986,6091.836734693878
barcode02_outputC.fastq,,,4,579,0,0,0,0,0,0,0,0,0,0,0,0,0,0,0,0,0,0,0,0,0,0,1,1,0,0,0,0,5,0,0,1,1,6,24,3,3,0,0,0,0,0,0,0,0,0,0,0,0,0,0,0,0,0,0,0.0,0.0,0.0,1.6025641025641024,1.6025641025641024,0.0,0.0,0.0,0.0,8.012820512820513,0.0,0.0,1.6025641025641024,1.6025641025641024,9.615384615384617,38.46153846153847,4.807692307692308,4.807692307692308,0,0,0,0,0,0,0,0,0,0.0,3.205128205128205,0.0,8.012820512820513,0.0,0.0,3.205128205128205,48.07692307692308,9.615384615384617,48.07692307692308,24.03846153846154,0,72.11538461538463,0,unknown,0,0,0,0,0,0,0,0,0,0,0,0,0,0.0,3.205128205128205,0.0,8.012820512820513,0.0,0.0,3.205128205128205,48.07692307692308,9.615384615384617,72.11538461538461,0,72.11538461538461
barcode02_outputG.fastq,,,16,0,1726,3,2,4,0,2,1,0,0,0,0,2,2,0,6,0,16,15,18,0,0,0,0,0,0,0,0,0,0,0,0,0,0,0,0,0,0,1.669449081803005,1.1129660545353368,2.2259321090706736,0.0,1.1129660545353368,0.5564830272676684,0.0,0.0,0.0,0.0,1.1129660545353368,1.1129660545353368,0.0,3.33889816360601,0.0,8.903728436282695,8.347245409015025,10.016694490818029,0,0,0,0,0,0,0,0,0,0,0,0,0,0,0,0,0,0,5.0083472454090145,1.669449081803005,0.0,1.1129660545353368,1.1129660545353368,3.33889816360601,8.903728436282695,8.347245409015025,10.016694490818029,0,0,0,0,0,0,0,0,0,14.468558708959378,25.041736227045075,39.510294936004456,0,0,unknown,0,0,0,0,5.008347245409015,1.6694490818030052,0.0,1.1129660545353368,1.1129660545353368,3.33889816360601,8.903728436282695,8.347245409015025,10.016694490818029,0,0,0,0,0,0,0,0,0,39.51029493600445,39.51029493600445,0
barcode03_outputC.fastq,,,7,1093,0,0,0,0,0,0,0,0,0,0,0,0,0,0,0,0,0,0,0,0,0,0,0,0,0,1,0,3,2,1,1,4,1,9,37,54,3,0,0,0,0,0,0,0,0,0,0,0,0,0,0,0,0,0,0,0.0,0.0,0.0,0.0,0.0,0.0,0.8271298593879239,0.0,2.4813895781637716,1.6542597187758479,0.8271298593879239,0.8271298593879239,3.3085194375516958,0.8271298593879239,7.444168734491315,30.603804797353185,44.66501240694789,2.4813895781637716,0,0,0,0,0,0,0,0,0,0.0,0.0,3.3085194375516958,1.6542597187758479,0.8271298593879239,0.8271298593879239,4.1356492969396195,38.0479735318445,47.146401985111666,41.35649296939619,53.76344086021505,0,95.94706368899917,0,unknown,0,0,0,0,0,0,0,0,0,0,0,0,0,0.0,0.0,3.3085194375516958,1.6542597187758479,0.8271298593879239,0.8271298593879239,4.1356492969396195,38.0479735318445,47.14640198511166,95.94706368899918,0,95.94706368899918
barcode03_outputG.fastq,,,11,0,2284,1,1,6,0,0,0,0,1,0,0,0,1,0,0,1,12,17,4,0,0,0,0,0,0,0,0,0,0,0,0,0,0,0,0,0,0,0.42955326460481097,0.42955326460481097,2.577319587628866,0.0,0.0,0.0,0.0,0.42955326460481097,0.0,0.0,0.0,0.42955326460481097,0.0,0.0,0.42955326460481097,5.154639175257732,7.302405498281787,1.7182130584192439,0,0,0,0,0,0,0,0,0,0,0,0,0,0,0,0,0,0,3.4364261168384878,0.0,0.42955326460481097,0.0,0.42955326460481097,0.42955326460481097,5.154639175257732,7.302405498281787,1.7182130584192439,0,0,0,0,0,0,0,0,0,11.168384879725085,7.731958762886598,18.900343642611684,0,0,unknown,0,0,0,0,3.436426116838488,0.0,0.42955326460481097,0.0,0.42955326460481097,0.42955326460481097,5.154639175257732,7.302405498281787,1.7182130584192439,0,0,0,0,0,0,0,0,0,18.900343642611684,18.900343642611684,0
barcode04_outputC.fastq,,,20,1665,0,0,0,0,0,0,0,0,0,0,0,0,0,0,0,0,0,0,0,0,0,3,0,0,1,2,0,0,3,1,3,4,2,8,92,151,16,0,0,0,0,0,0,0,0,0,0,0,0,0,0,0,0,0,0,0.0,0.0,1.537672988211174,0.0,0.0,0.5125576627370579,1.0251153254741159,0.0,0.0,1.537672988211174,0.5125576627370579,1.537672988211174,2.0502306509482318,1.0251153254741159,4.1004613018964635,47.15530497180933,77.39620707329574,8.200922603792927,0,0,0,0,0,0,0,0,0,1.537672988211174,0.5125576627370579,1.0251153254741159,1.537672988211174,0.5125576627370579,1.537672988211174,3.075345976422348,51.255766273705795,85.59712967708867,52.28088159917991,93.79805228088159,0,146.59149154279856,0,unknown,0,0,0,0,0,0,0,0,0,0,0,0,0,1.537672988211174,0.5125576627370579,1.0251153254741159,1.537672988211174,0.5125576627370579,1.537672988211174,3.075345976422348,51.255766273705795,85.59712967708867,146.59149154279856,0,146.59149154279856
barcode04_outputG.fastq,,,38,0,4706,4,3,5,0,0,0,2,1,2,0,2,6,0,106,8,42,41,13,0,0,0,0,0,0,0,0,0,0,0,0,0,0,0,0,0,0,0.8095527221210281,0.6071645415907712,1.0119409026512851,0.0,0.0,0.0,0.40477636106051407,0.20238818053025703,0.40477636106051407,0.0,0.40477636106051407,1.2143290831815423,0.0,21.453147136207246,1.6191054442420563,8.500303582270794,8.297915401740537,2.6310463468933416,0,0,0,0,0,0,0,0,0,0,0,0,0,0,0,0,0,0,2.4286581663630846,0.0,1.0119409026512851,0.40477636106051407,1.2143290831815423,23.0722525804493,8.500303582270794,8.297915401740537,2.6310463468933416,0,0,0,0,0,0,0,0,0,11.940902651285164,35.620319773325235,47.5612224246104,0,0,unknown,0,0,0,0,2.4286581663630846,0.0,1.0119409026512851,0.40477636106051407,1.2143290831815423,23.0722525804493,8.500303582270794,8.297915401740537,2.6310463468933416,0,0,0,0,0,0,0,0,0,47.5612224246104,47.5612224246104,0
barcode05_outputC.fastq,,,51,4028,52,0,0,5,0,0,0,0,0,0,0,0,0,0,0,0,3,8,0,4,1,3,1,0,0,15,7,3,19,22,49,28,7,57,116,17,61,0.0,0.0,73.52941176470588,0.0,0.0,0.0,0.0,0.0,0.0,0.0,0.0,0.0,0.0,0.0,0.0,44.11764705882353,117.6470588235294,0.0,0.9013068949977467,0.22532672374943669,0.6759801712483101,0.22532672374943669,0.0,0.0,3.3799008562415502,1.5772870662460567,0.6759801712483101,4.281207751239297,4.957187922487607,11.041009463722398,6.309148264984227,1.5772870662460567,12.84362325371789,26.137899954934653,3.8305543037404237,13.744930148715637,73.52941176470588,0.0,0.0,0.0,0.0,0.0,44.11764705882353,117.6470588235294,0.0,1.8026137899954935,0.22532672374943669,5.633168093735917,4.281207751239297,4.957187922487607,11.041009463722398,7.886435331230284,38.98152320865255,17.57548445245606,235.79116189062375,86.9297245712165,235.2941176470588,92.38395673726903,0,unknown,0,0,0,0,73.52941176470588,0.0,0.0,0.0,0.0,0.0,44.11764705882353,117.6470588235294,0.0,1.8026137899954935,0.22532672374943669,5.633168093735917,4.281207751239297,4.957187922487607,11.041009463722398,7.886435331230284,38.98152320865255,17.57548445245606,99.67550371621846,6264.705882352941,95.98918431726003
barcode05_outputG.fastq,,,75,288,9790,6,7,22,0,0,7,1,0,4,1,3,56,0,165,8,127,97,61,0,0,0,1,0,0,0,1,0,0,0,0,1,0,1,3,0,7,0.5794302269435055,0.6760019314340897,2.1245774987928536,0.0,0.0,0.6760019314340897,0.09657170449058426,0.0,0.38628681796233705,0.09657170449058426,0.28971511347175277,5.408015451472718,0.0,15.9343312409464,0.7725736359246741,12.264606470304201,9.367455335586673,5.89087397392564,0.0,0.0,0.0,3.3112582781456954,0.0,0.0,0.0,3.3112582781456954,0.0,0.0,0.0,0.0,3.3112582781456954,0.0,3.3112582781456954,9.933774834437086,0.0,23.17880794701987,3.380009657170449,0.6760019314340897,0.48285852245292127,0.38628681796233705,5.408015451472718,16.70690487687108,12.264606470304201,9.367455335586673,5.89087397392564,0.0,3.3112582781456954,3.3112582781456954,0.0,0.0,0.0,3.3112582781456954,13.245033112582782,23.17880794701987,34.71177183495831,66.20885709626153,54.563013037180106,46.35761589403974,0,unknown,0,0,0,0,3.380009657170449,0.6760019314340897,0.4828585224529213,0.38628681796233705,5.408015451472718,16.706904876871075,12.264606470304201,9.367455335586673,5.89087397392564,0.0,3.3112582781456954,3.3112582781456954,0.0,0.0,0.0,3.3112582781456954,13.245033112582782,23.17880794701987,57.25914262187814,55.915016900048286,1917.2185430463576
barcode06_outputC.fastq,,,57,7170,63,0,0,1,0,0,0,0,0,1,0,0,0,0,0,0,2,1,2,0,3,0,3,0,0,8,3,9,22,11,7,21,5,127,174,41,40,0.0,0.0,14.285714285714285,0.0,0.0,0.0,0.0,0.0,14.285714285714285,0.0,0.0,0.0,0.0,0.0,0.0,28.57142857142857,14.285714285714285,28.57142857142857,0.0,0.3924646781789639,0.0,0.3924646781789639,0.0,0.0,1.0465724751439038,0.3924646781789639,1.1773940345368916,2.8780743066457353,1.4390371533228676,0.9157509157509157,2.7472527472527473,0.6541077969649398,16.61433804290947,22.762951334379906,5.3636839351125065,5.2328623757195185,14.285714285714285,0.0,14.285714285714285,0.0,0.0,0.0,28.57142857142857,14.285714285714285,28.57142857142857,0.3924646781789639,0.3924646781789639,2.6164311878597593,2.8780743066457353,1.4390371533228676,0.9157509157509157,3.401360544217687,39.37728937728938,10.596546310832025,70.5651491365777,90.00523286237572,100.0,62.009419152276294,0,unknown,0,0,0,0,14.285714285714285,0.0,14.285714285714285,0.0,0.0,0.0,28.57142857142857,14.285714285714285,28.57142857142857,0.3924646781789639,0.3924646781789639,2.6164311878597593,2.8780743066457353,1.4390371533228676,0.9157509157509157,3.4013605442176873,39.37728937728937,10.596546310832025,63.84581038516496,6871.428571428571,62.925170068027214
barcode06_outputG.fastq,,,85,325,11383,4,3,27,2,0,3,1,1,2,2,2,45,2,142,10,127,134,42,0,0,0,0,0,0,2,0,0,0,0,0,0,0,2,10,0,2,0.3352329869259135,0.2514247401944351,2.262822661749916,0.16761649346295676,0.0,0.2514247401944351,0.08380824673147838,0.08380824673147838,0.16761649346295676,0.16761649346295676,0.16761649346295676,3.7713711029165267,0.16761649346295676,11.90077103586993,0.8380824673147838,10.643647334897754,11.230305062018102,3.519946362722092,0.0,0.0,0.0,0.0,0.0,0.0,5.865102639296188,0.0,0.0,0.0,0.0,0.0,0.0,0.0,5.865102639296188,29.32551319648094,0.0,5.865102639296188,2.8494803888702647,0.4190412336573919,0.3352329869259135,0.3352329869259135,3.9389875963794836,12.738853503184714,10.643647334897754,11.230305062018102,3.519946362722092,0.0,0.0,5.865102639296188,0.0,0.0,0.0,0.0,35.19061583577713,5.865102639296188,59.07449152234117,33.85705704760996,46.01072745558163,46.9208211143695,0,unknown,0,0,0,0,2.8494803888702647,0.4190412336573919,0.3352329869259135,0.3352329869259135,3.9389875963794836,12.738853503184714,10.643647334897754,11.230305062018102,3.519946362722092,0.0,0.0,5.865102639296188,0.0,0.0,0.0,0.0,35.19061583577713,5.865102639296188,48.69111688552565,47.35165940328528,1656.8914956011731
barcode07_outputC.fastq,,,27,1917,0,0,0,0,0,0,0,0,0,0,0,0,0,0,0,0,0,0,0,0,0,1,4,5,0,0,2,2,9,13,4,11,4,21,79,125,26,0,0,0,0,0,0,0,0,0,0,0,0,0,0,0,0,0,0,0.0,0.0,0.449842555105713,1.799370220422852,2.249212775528565,0.0,0.0,0.899685110211426,0.899685110211426,4.048582995951417,5.847953216374268,1.799370220422852,4.948268106162843,1.799370220422852,9.446693657219974,35.53756185335133,56.23031938821413,11.695906432748536,0,0,0,0,0,0,0,0,0,0.449842555105713,4.048582995951417,1.799370220422852,4.048582995951417,5.847953216374268,1.799370220422852,6.747638326585696,44.9842555105713,67.92622582096267,46.78362573099415,85.02024291497976,0,137.65182186234819,0,unknown,0,0,0,0,0,0,0,0,0,0,0,0,0,0.449842555105713,4.048582995951417,1.799370220422852,4.048582995951417,5.847953216374268,1.799370220422852,6.747638326585695,44.9842555105713,67.92622582096266,137.65182186234819,0,137.65182186234819
barcode07_outputG.fastq,,,53,0,7209,1,4,10,0,4,2,2,0,6,0,4,18,0,326,10,66,72,18,0,0,0,0,0,0,0,0,0,0,0,0,0,0,0,0,0,0,0.12899896800825592,0.5159958720330237,1.2899896800825594,0.0,0.5159958720330237,0.25799793601651183,0.25799793601651183,0.0,0.7739938080495357,0.0,0.5159958720330237,2.3219814241486065,0.0,42.053663570691434,1.2899896800825594,8.51393188854489,9.287925696594426,2.3219814241486065,0,0,0,0,0,0,0,0,0,0,0,0,0,0,0,0,0,0,1.934984520123839,0.7739938080495357,1.0319917440660473,0.5159958720330237,2.3219814241486065,43.343653250774,8.51393188854489,9.287925696594426,2.3219814241486065,0,0,0,0,0,0,0,0,0,13.544891640866872,56.5015479876161,70.04643962848297,0,0,unknown,0,0,0,0,1.934984520123839,0.7739938080495354,1.0319917440660475,0.5159958720330237,2.3219814241486065,43.343653250774,8.51393188854489,9.287925696594426,2.3219814241486065,0,0,0,0,0,0,0,0,0,70.04643962848297,70.04643962848297,0
barcode08_outputC.fastq,,,19,1001,0,0,0,0,0,0,0,0,0,0,0,0,0,0,0,0,0,0,0,0,0,0,1,0,0,1,0,0,1,1,2,15,2,13,27,19,13,0,0,0,0,0,0,0,0,0,0,0,0,0,0,0,0,0,0,0.0,0.0,0.0,0.9124087591240876,0.0,0.0,0.9124087591240876,0.0,0.0,0.9124087591240876,0.9124087591240876,1.8248175182481752,13.686131386861314,1.8248175182481752,11.861313868613138,24.635036496350367,17.335766423357665,11.861313868613138,0,0,0,0,0,0,0,0,0,0.0,0.9124087591240876,0.9124087591240876,0.9124087591240876,0.9124087591240876,1.8248175182481752,15.510948905109489,36.4963503649635,29.197080291970803,37.408759124087595,48.35766423357664,0,86.67883211678833,0,unknown,0,0,0,0,0,0,0,0,0,0,0,0,0,0.0,0.9124087591240876,0.9124087591240876,0.9124087591240876,0.9124087591240876,1.8248175182481752,15.510948905109489,36.496350364963504,29.197080291970803,86.67883211678833,0,86.67883211678833
barcode08_outputG.fastq,,,44,0,5514,1,4,1,0,0,0,0,0,1,1,2,24,0,66,3,57,88,21,0,0,0,0,0,0,0,0,0,0,0,0,0,0,0,1,0,0,0.17292062943109116,0.6916825177243646,0.17292062943109116,0.0,0.0,0.0,0.0,0.0,0.17292062943109116,0.17292062943109116,0.3458412588621823,4.150095106346187,0.0,11.412761542452014,0.5187618882932734,9.856475877572194,15.21701538993602,3.631333218052914,0.0,0.0,0.0,0.0,0.0,0.0,0.0,0.0,0.0,0.0,0.0,0.0,0.0,0.0,0.0,1000.0,0.0,0.0,1.0375237765865468,0.0,0.17292062943109116,0.5187618882932734,4.150095106346187,11.931523430745289,9.856475877572194,15.21701538993602,3.631333218052914,0.0,0.0,0.0,0.0,0.0,0.0,0.0,1000.0,0.0,1020.4046342728687,26.11101504409476,46.51564931696351,1000.0,0,unknown,0,0,0,0,1.0375237765865468,0.0,0.17292062943109116,0.5187618882932734,4.150095106346187,11.931523430745287,9.856475877572194,15.21701538993602,3.631333218052914,0.0,0.0,0.0,0.0,0.0,0.0,0.0,1000.0,0.0,46.86210327919014,46.68856994639461,270000.0
barcode09_outputC.fastq,,,42,3916,70,1,0,0,0,0,0,0,0,0,0,1,0,0,0,0,1,0,1,1,0,2,4,8,0,4,1,0,30,2,2,10,6,72,167,266,19,13.513513513513514,0.0,0.0,0.0,0.0,0.0,0.0,0.0,0.0,0.0,13.513513513513514,0.0,0.0,0.0,0.0,13.513513513513514,0.0,13.513513513513514,0.22172949002217296,0.0,0.4434589800443459,0.8869179600886918,1.7738359201773837,0.0,0.8869179600886918,0.22172949002217296,0.0,6.651884700665189,0.4434589800443459,0.4434589800443459,2.2172949002217295,1.3303769401330376,15.964523281596453,37.02882483370288,58.98004434589801,4.212860310421286,13.513513513513514,0.0,0.0,13.513513513513514,0.0,0.0,13.513513513513514,0.0,13.513513513513514,0.6651884700665188,2.6607538802660753,1.1086474501108647,6.651884700665189,0.4434589800443459,0.4434589800443459,3.5476718403547673,52.993348115299334,63.192904656319286,67.61550907892371,117.70240306825673,54.054054054054056,131.70731707317074,0,unknown,0,0,0,0,13.513513513513514,0.0,0.0,13.513513513513514,0.0,0.0,13.513513513513514,0.0,13.513513513513514,0.6651884700665189,2.6607538802660757,1.1086474501108647,6.651884700665189,0.4434589800443459,0.4434589800443459,3.5476718403547673,52.99334811529933,63.19290465631929,133.47237794654893,8081.081081081081,132.59423503325942
barcode09_outputG.fastq,,,76,45,10185,7,11,12,0,0,7,2,0,5,0,3,39,0,178,12,137,112,38,0,0,0,0,0,0,0,0,0,0,0,0,0,0,7,2,0,1,0.6512839598064756,1.0234462225530332,1.1164867882396725,0.0,0.0,0.6512839598064756,0.18608113137327875,0.0,0.4652028284331969,0.0,0.27912169705991813,3.6285820617789355,0.0,16.56122069222181,1.1164867882396725,12.746557499069596,10.42054335690361,3.5355414960922964,0.0,0.0,0.0,0.0,0.0,0.0,0.0,0.0,0.0,0.0,0.0,0.0,0.0,0.0,127.27272727272727,36.36363636363636,0.0,18.18181818181818,2.7912169705991814,0.6512839598064756,0.6512839598064756,0.27912169705991813,3.6285820617789355,17.677707480461482,12.746557499069596,10.42054335690361,3.5355414960922964,0.0,0.0,0.0,0.0,0.0,0.0,0.0,163.63636363636363,18.18181818181818,180.47670602564534,53.72331427411442,52.38183848157797,181.8181818181818,0,unknown,0,0,0,0,2.7912169705991814,0.6512839598064756,0.6512839598064757,0.27912169705991813,3.6285820617789355,17.677707480461482,12.746557499069596,10.42054335690361,3.5355414960922964,0.0,0.0,0.0,0.0,0.0,0.0,0.0,163.63636363636363,18.18181818181818,54.254244362799454,53.31224413844436,10418.181818181818
barcode10_outputC.fastq,,,10,1548,180,1,0,0,0,0,0,0,0,0,0,1,0,0,0,0,1,4,0,0,0,0,0,0,0,0,0,0,7,6,0,1,1,12,51,4,11,5.347593582887701,0.0,0.0,0.0,0.0,0.0,0.0,0.0,0.0,0.0,5.347593582887701,0.0,0.0,0.0,0.0,5.347593582887701,21.390374331550802,0.0,0.0,0.0,0.0,0.0,0.0,0.0,0.0,0.0,0.0,4.2656916514320535,3.656307129798903,0.0,0.6093845216331506,0.6093845216331506,7.312614259597806,31.078610603290677,2.4375380865326024,6.703229737964655,5.347593582887701,0.0,0.0,5.347593582887701,0.0,0.0,5.347593582887701,21.390374331550802,0.0,0.0,0.0,0.0,4.2656916514320535,3.656307129798903,0.0,1.2187690432663012,38.391224862888485,9.140767824497258,65.12919277732699,25.320415684971014,37.43315508021391,56.672760511883,0,unknown,0,0,0,0,5.347593582887701,0.0,0.0,5.347593582887701,0.0,0.0,5.347593582887701,21.390374331550802,0.0,0.0,0.0,0.0,4.2656916514320535,3.656307129798903,0.0,1.2187690432663012,38.391224862888485,9.140767824497257,64.96797079040033,534.75935828877,60.938452163315056
barcode10_outputG.fastq,,,35,141,5575,3,3,15,0,0,0,2,0,5,0,4,8,0,46,8,61,108,15,0,0,0,0,0,0,0,0,0,1,0,0,0,0,0,9,0,1,0.5125576627370579,0.5125576627370579,2.5627883136852896,0.0,0.0,0.0,0.341705108491372,0.0,0.8542627712284299,0.0,0.683410216982744,1.366820433965488,0.0,7.859217495301555,1.366820433965488,10.422005808986844,18.452075858534087,2.5627883136852896,0.0,0.0,0.0,0.0,0.0,0.0,0.0,0.0,0.0,6.578947368421052,0.0,0.0,0.0,0.0,0.0,59.21052631578947,0.0,6.578947368421052,3.5879036391594052,0.0,1.195967879719802,0.683410216982744,1.366820433965488,9.226037929267044,10.422005808986844,18.452075858534087,2.5627883136852896,0.0,0.0,0.0,6.578947368421052,0.0,0.0,0.0,59.21052631578947,6.578947368421052,82.61732624744846,37.248104885483826,47.497010080300704,72.36842105263158,0,unknown,0,0,0,0,3.5879036391594052,0.0,1.195967879719802,0.683410216982744,1.366820433965488,9.226037929267042,10.422005808986844,18.452075858534087,2.5627883136852896,0.0,0.0,0.0,6.578947368421052,0.0,0.0,0.0,59.21052631578947,6.578947368421052,51.277438811006355,49.37638817700324,1901.3157894736844
barcode11_outputC.fastq,,,46,2721,92,0,1,11,0,0,0,0,0,0,0,1,0,0,0,0,4,10,0,0,0,0,8,0,0,0,1,2,15,8,1,17,5,9,102,11,25,0.0,8.403361344537815,92.43697478991596,0.0,0.0,0.0,0.0,0.0,0.0,0.0,8.403361344537815,0.0,0.0,0.0,0.0,33.61344537815126,84.03361344537815,0.0,0.0,0.0,0.0,2.735042735042735,0.0,0.0,0.0,0.3418803418803419,0.6837606837606838,5.128205128205129,2.735042735042735,0.3418803418803419,5.811965811965812,1.7094017094017093,3.076923076923077,34.87179487179487,3.7606837606837606,8.547008547008549,100.84033613445378,0.0,0.0,8.403361344537815,0.0,0.0,33.61344537815126,84.03361344537815,0.0,0.0,2.735042735042735,1.0256410256410255,5.128205128205129,2.735042735042735,0.3418803418803419,7.521367521367521,37.94871794871795,12.307692307692308,223.8483085541909,70.05099475687712,226.890756302521,69.74358974358974,0,unknown,0,0,0,0,100.84033613445378,0.0,0.0,8.403361344537815,0.0,0.0,33.61344537815126,84.03361344537815,0.0,0.0,2.735042735042735,1.0256410256410255,5.128205128205129,2.735042735042735,0.3418803418803419,7.521367521367521,37.94871794871795,12.30769230769231,88.94789744512954,1941.1764705882354,78.97435897435898
barcode11_outputG.fastq,,,62,248,5492,4,5,15,0,0,2,0,1,3,0,3,17,0,4,2,55,97,32,0,0,0,0,0,0,0,1,0,1,1,0,0,2,2,13,0,1,0.6978367062107467,0.8722958827634334,2.6168876482903,0.0,0.0,0.34891835310537334,0.0,0.17445917655268667,0.5233775296580601,0.0,0.5233775296580601,2.9658060013956735,0.0,0.6978367062107467,0.34891835310537334,9.595254710397768,16.92254012561061,5.582693649685973,0.0,0.0,0.0,0.0,0.0,0.0,0.0,3.717472118959108,0.0,3.717472118959108,3.717472118959108,0.0,0.0,7.434944237918216,7.434944237918216,48.32713754646841,0.0,3.717472118959108,4.1870202372644805,0.34891835310537334,0.6978367062107467,0.5233775296580601,2.9658060013956735,1.0467550593161201,9.595254710397768,16.92254012561061,5.582693649685973,0.0,0.0,3.717472118959108,3.717472118959108,3.717472118959108,0.0,7.434944237918216,55.762081784386616,3.717472118959108,83.5549202676165,32.664724484210474,41.870202372644805,78.06691449814127,0,unknown,0,0,0,0,4.18702023726448,0.34891835310537334,0.6978367062107467,0.5233775296580601,2.9658060013956735,1.0467550593161201,9.595254710397768,16.92254012561061,5.582693649685973,0.0,0.0,3.717472118959108,3.717472118959108,3.717472118959108,0.0,7.434944237918216,55.76208178438662,3.717472118959108,49.31555045901447,45.53384508025122,970.2602230483271
barcode12_outputC.fastq,,,55,3534,31,0,0,1,0,0,0,0,0,0,0,0,0,0,0,0,0,1,0,1,0,0,0,7,0,1,1,1,7,9,0,9,3,29,122,21,34,0.0,0.0,30.303030303030305,0.0,0.0,0.0,0.0,0.0,0.0,0.0,0.0,0.0,0.0,0.0,0.0,0.0,30.303030303030305,0.0,0.2646202699126753,0.0,0.0,0.0,1.8523418893887271,0.0,0.2646202699126753,0.2646202699126753,0.2646202699126753,1.8523418893887271,2.3815824292140775,0.0,2.3815824292140775,0.793860809738026,7.673987827467585,32.28367292934639,5.557025668166181,8.997089177030961,30.303030303030305,0.0,0.0,0.0,0.0,0.0,0.0,30.303030303030305,0.0,0.2646202699126753,1.8523418893887271,0.793860809738026,1.8523418893887271,2.3815824292140775,0.0,3.175443238952104,39.95766075681397,14.554114845197141,101.35758217261261,21.698862132839377,60.60606060606061,64.83196612860544,0,unknown,0,0,0,0,30.303030303030305,0.0,0.0,0.0,0.0,0.0,0.0,30.303030303030305,0.0,0.2646202699126753,1.8523418893887271,0.7938608097380259,1.8523418893887271,2.3815824292140775,0.0,3.1754432389521035,39.95766075681397,14.554114845197143,65.89007053517524,7484.848484848484,65.3612066684308
barcode12_outputG.fastq,,,108,100,11565,8,8,16,0,3,5,2,0,4,2,4,22,0,25,6,142,95,44,0,0,0,0,0,0,0,0,0,0,0,0,0,0,0,6,0,4,0.6694000502050038,0.6694000502050038,1.3388001004100076,0.0,0.2510250188268764,0.4183750313781273,0.16735001255125095,0.0,0.3347000251025019,0.16735001255125095,0.3347000251025019,1.8408501380637603,0.0,2.091875156890637,0.5020500376537528,11.881850891138816,7.949125596184419,3.6817002761275206,0.0,0.0,0.0,0.0,0.0,0.0,0.0,0.0,0.0,0.0,0.0,0.0,0.0,0.0,0.0,54.54545454545454,0.0,36.36363636363636,2.6776002008200153,0.6694000502050038,0.5020500376537528,0.5020500376537528,1.8408501380637603,2.5939251945443895,11.881850891138816,7.949125596184419,3.6817002761275206,0.0,0.0,0.0,0.0,0.0,0.0,0.0,54.54545454545454,36.36363636363636,67.01303048052273,56.194612850959594,32.29855242239143,90.9090909090909,0,unknown,0,0,0,0,2.6776002008200153,0.6694000502050037,0.5020500376537529,0.5020500376537529,1.8408501380637603,2.5939251945443895,11.881850891138816,7.949125596184419,3.6817002761275206,0.0,0.0,0.0,0.0,0.0,0.0,0.0,54.54545454545454,36.36363636363636,33.985626067089626,33.13530248514768,3600.0
barcode13_outputC.fastq,,,33,3177,0,0,0,0,0,0,0,0,0,0,0,0,0,0,0,0,0,0,0,0,0,0,9,1,0,2,1,2,9,2,0,20,7,21,137,14,23,0,0,0,0,0,0,0,0,0,0,0,0,0,0,0,0,0,0,0.0,0.0,0.0,2.627737226277372,0.29197080291970806,0.0,0.5839416058394161,0.29197080291970806,0.5839416058394161,2.627737226277372,0.5839416058394161,0.0,5.839416058394161,2.0437956204379564,6.131386861313868,40.0,4.087591240875913,6.7153284671532845,0,0,0,0,0,0,0,0,0,0.0,2.9197080291970803,1.4598540145985401,2.627737226277372,0.5839416058394161,0.0,7.883211678832117,46.13138686131387,10.802919708029197,47.59124087591241,24.233576642335766,0,72.4087591240876,0,unknown,0,0,0,0,0,0,0,0,0,0,0,0,0,0.0,2.9197080291970803,1.4598540145985404,2.627737226277372,0.5839416058394161,0.0,7.883211678832117,46.13138686131387,10.802919708029197,72.4087591240876,0,72.4087591240876
barcode13_outputG.fastq,,,88,0,11783,7,9,25,0,0,4,1,0,0,3,5,24,0,0,8,167,134,46,0,0,0,0,0,0,0,0,0,0,0,0,0,0,0,0,0,0,0.573018991486575,0.7367387033398821,2.0464963981663393,0.0,0.0,0.3274394237066143,0.08185985592665357,0.0,0.0,0.24557956777996068,0.40929927963326784,1.9646365422396854,0.0,0.0,0.6548788474132285,13.670595939751145,10.969220694171577,3.7655533726260644,0,0,0,0,0,0,0,0,0,0,0,0,0,0,0,0,0,0,3.3562540929927964,0.3274394237066143,0.08185985592665357,0.6548788474132285,1.9646365422396854,0.6548788474132285,13.670595939751145,10.969220694171577,3.7655533726260644,0,0,0,0,0,0,0,0,0,16.29011132940406,19.155206286836933,35.44531761624099,0,0,unknown,0,0,0,0,3.3562540929927964,0.3274394237066143,0.08185985592665357,0.6548788474132285,1.9646365422396854,0.6548788474132285,13.670595939751145,10.969220694171577,3.7655533726260644,0,0,0,0,0,0,0,0,0,35.44531761624099,35.44531761624099,0
barcode14_outputC.fastq,,,16,1483,144,0,0,0,0,0,0,0,0,0,0,0,1,0,0,0,0,1,0,0,0,1,0,0,0,1,0,1,5,1,3,7,0,25,71,24,11,0.0,0.0,0.0,0.0,0.0,0.0,0.0,0.0,0.0,0.0,0.0,6.8493150684931505,0.0,0.0,0.0,0.0,6.8493150684931505,0.0,0.0,0.0,0.612369871402327,0.0,0.0,0.0,0.612369871402327,0.0,0.612369871402327,3.061849357011635,0.612369871402327,1.837109614206981,4.28658909981629,0.0,15.309246785058175,43.47826086956522,14.696876913655847,6.736068585425597,0.0,0.0,0.0,0.0,6.8493150684931505,0.0,0.0,6.8493150684931505,0.0,0.612369871402327,0.0,1.224739742804654,3.061849357011635,0.612369871402327,1.837109614206981,4.28658909981629,58.78750765462339,21.432945499081445,73.71087753441435,31.23086344151868,13.698630136986301,91.85548071034906,0,unknown,0,0,0,0,0.0,0.0,0.0,0.0,6.8493150684931505,0.0,0.0,6.8493150684931505,0.0,0.612369871402327,0.0,1.224739742804654,3.061849357011635,0.612369871402327,1.837109614206981,4.28658909981629,58.7875076546234,21.432945499081445,94.20898541032939,1041.0958904109589,93.0802204531537
barcode14_outputG.fastq,,,41,105,4555,3,3,6,0,0,8,0,1,3,2,0,14,0,43,3,54,38,26,0,0,0,0,0,0,0,0,0,0,0,0,0,0,1,11,0,1,0.6303845345660853,0.6303845345660853,1.2607690691321707,0.0,0.0,1.681025425509561,0.0,0.21012817818869511,0.6303845345660853,0.42025635637739023,0.0,2.9417944946417314,0.0,9.035511662113889,0.6303845345660853,11.346921622189535,7.984870771170414,5.463332632906073,0.0,0.0,0.0,0.0,0.0,0.0,0.0,0.0,0.0,0.0,0.0,0.0,0.0,0.0,8.474576271186441,93.22033898305085,0.0,8.474576271186441,2.5215381382643414,1.681025425509561,0.8405127127547805,0.42025635637739023,2.9417944946417314,9.665896196679975,11.346921622189535,7.984870771170414,5.463332632906073,0.0,0.0,0.0,0.0,0.0,0.0,0.0,101.6949152542373,8.474576271186441,115.14311865831378,37.89252121760376,42.8661483504938,110.16949152542374,0,unknown,0,0,0,0,2.5215381382643414,1.681025425509561,0.8405127127547805,0.42025635637739023,2.9417944946417314,9.665896196679974,11.346921622189535,7.984870771170414,5.463332632906073,0.0,0.0,0.0,0.0,0.0,0.0,0.0,101.69491525423729,8.474576271186441,48.427039090058315,45.59781466694684,1838.9830508474577
barcode15_outputC.fastq,,,25,1938,0,0,0,0,0,0,0,0,0,0,0,0,0,0,0,0,0,0,0,0,0,0,2,0,0,0,1,1,7,3,1,1,2,26,93,187,19,0,0,0,0,0,0,0,0,0,0,0,0,0,0,0,0,0,0,0.0,0.0,0.0,0.8768084173608067,0.0,0.0,0.0,0.43840420868040336,0.43840420868040336,3.068829460762823,1.31521262604121,0.43840420868040336,0.43840420868040336,0.8768084173608067,11.398509425690488,40.77159140727751,81.98158702323542,8.329679964927664,0,0,0,0,0,0,0,0,0,0.0,0.8768084173608067,0.8768084173608067,3.068829460762823,1.31521262604121,0.43840420868040336,1.31521262604121,52.170100832968,90.31126698816308,53.04690925032881,96.01052170100833,0,150.37264357737834,0,unknown,0,0,0,0,0,0,0,0,0,0,0,0,0,0.0,0.8768084173608067,0.8768084173608067,3.068829460762823,1.31521262604121,0.43840420868040336,1.31521262604121,52.170100832968004,90.31126698816308,150.37264357737834,0,150.37264357737834
barcode15_outputG.fastq,,,25,0,3725,2,3,2,0,0,0,0,0,1,1,4,10,0,142,2,40,36,16,0,0,0,0,0,0,0,0,0,0,0,0,0,0,0,0,0,0,0.502008032128514,0.7530120481927711,0.502008032128514,0.0,0.0,0.0,0.0,0.0,0.251004016064257,0.251004016064257,1.004016064257028,2.5100401606425704,0.0,35.6425702811245,0.502008032128514,10.040160642570282,9.036144578313253,4.016064257028112,0,0,0,0,0,0,0,0,0,0,0,0,0,0,0,0,0,0,1.757028112449799,0.0,0.251004016064257,1.2550200803212852,2.5100401606425704,36.144578313253014,10.040160642570282,9.036144578313253,4.016064257028112,0,0,0,0,0,0,0,0,0,13.303212851405624,51.70682730923695,65.01004016064257,0,0,unknown,0,0,0,0,1.757028112449799,0.0,0.251004016064257,1.255020080321285,2.5100401606425704,36.144578313253014,10.040160642570282,9.036144578313253,4.016064257028112,0,0,0,0,0,0,0,0,0,65.01004016064257,65.01004016064257,0
barcode16_outputC.fastq,,,51,2696,60,0,0,0,0,0,0,0,0,0,0,0,0,0,0,1,0,7,0,0,1,0,0,0,0,0,1,2,9,1,1,16,5,41,105,416,18,0.0,0.0,0.0,0.0,0.0,0.0,0.0,0.0,0.0,0.0,0.0,0.0,0.0,0.0,14.705882352941176,0.0,102.94117647058823,0.0,0.0,0.30193236714975846,0.0,0.0,0.0,0.0,0.0,0.30193236714975846,0.6038647342995169,2.717391304347826,0.30193236714975846,0.30193236714975846,4.830917874396135,1.5096618357487923,12.379227053140095,31.70289855072464,125.60386473429952,5.434782608695652,0.0,0.0,0.0,0.0,0.0,14.705882352941176,0.0,102.94117647058823,0.0,0.30193236714975846,0.0,0.9057971014492754,2.717391304347826,0.30193236714975846,0.30193236714975846,6.340579710144928,44.08212560386474,131.03864734299518,147.92909917590225,155.4063654447286,117.6470588235294,185.99033816425123,0,unknown,0,0,0,0,0.0,0.0,0.0,0.0,0.0,14.705882352941176,0.0,102.94117647058823,0.0,0.30193236714975846,0.0,0.9057971014492754,2.717391304347826,0.30193236714975846,0.30193236714975846,6.340579710144928,44.08212560386474,131.03864734299518,190.8017499568783,9176.470588235294,188.40579710144928
barcode16_outputG.fastq,,,78,58,9416,0,9,18,25,2,4,0,0,4,1,9,27,25,285,8,117,122,55,0,0,0,0,0,0,0,0,0,0,0,0,0,0,0,0,0,2,0.0,0.8887133405747013,1.7774266811494026,2.4686481682630594,0.19749185346104473,0.39498370692208945,0.0,0.0,0.39498370692208945,0.09874592673052236,0.8887133405747013,2.666140021724104,2.4686481682630594,28.142589118198874,0.7899674138441789,11.553273427471117,12.047003061123728,5.43102597017873,0.0,0.0,0.0,0.0,0.0,0.0,0.0,0.0,0.0,0.0,0.0,0.0,0.0,0.0,0.0,0.0,0.0,33.333333333333336,2.666140021724104,3.0611237286461934,0.39498370692208945,0.9874592673052237,5.134788189987162,28.932556532043055,11.553273427471117,12.047003061123728,5.43102597017873,0.0,0.0,0.0,0.0,0.0,0.0,0.0,0.0,33.333333333333336,19.847931272834995,83.69375596589974,70.2083539054014,33.333333333333336,0,unknown,0,0,0,0,2.666140021724104,3.0611237286461934,0.39498370692208945,0.9874592673052237,5.134788189987163,28.93255653204305,11.553273427471117,12.047003061123728,5.43102597017873,0.0,0.0,0.0,0.0,0.0,0.0,0.0,0.0,33.333333333333336,70.60271648155933,70.40584575886245,11883.333333333332
barcode17_outputC.fastq,,,50,4670,108,0,0,1,0,0,0,0,0,0,0,1,0,0,1,0,1,0,1,1,1,3,2,0,0,0,0,1,15,2,10,15,9,23,202,21,28,0.0,0.0,8.849557522123893,0.0,0.0,0.0,0.0,0.0,0.0,0.0,8.849557522123893,0.0,0.0,8.849557522123893,0.0,8.849557522123893,0.0,8.849557522123893,0.19988007195682592,0.19988007195682592,0.5996402158704777,0.39976014391365183,0.0,0.0,0.0,0.0,0.19988007195682592,2.9982010793523886,0.39976014391365183,1.9988007195682589,2.9982010793523886,1.798920647611433,4.597241655006996,40.37577453527883,4.197481511093344,5.596642014791126,8.849557522123893,0.0,0.0,8.849557522123893,0.0,8.849557522123893,8.849557522123893,0.0,8.849557522123893,0.9994003597841294,0.39976014391365183,0.19988007195682592,2.9982010793523886,0.39976014391365183,1.9988007195682589,4.797121726963821,44.973016190285826,9.79412352588447,54.02245378436655,56.38563764396229,44.24778761061947,66.56006396162303,0,unknown,0,0,0,0,8.849557522123893,0.0,0.0,8.849557522123893,0.0,8.849557522123893,8.849557522123893,0.0,8.849557522123893,0.9994003597841294,0.39976014391365183,0.19988007195682592,2.9982010793523886,0.39976014391365183,1.9988007195682589,4.797121726963821,44.973016190285826,9.79412352588447,68.55062271835945,2991.1504424778764,67.55946432140715
barcode17_outputG.fastq,,,160,153,21811,8,17,17,0,0,7,3,2,12,4,2,35,0,165,15,211,180,183,0,0,0,0,0,0,0,0,0,1,0,0,0,0,0,14,1,2,0.35285815102328866,0.7498235709244884,0.7498235709244884,0.0,0.0,0.3087508821453776,0.13232180663373325,0.08821453775582216,0.529287226534933,0.17642907551164433,0.08821453775582216,1.543754410726888,0.0,7.277699364855328,0.6616090331686663,9.306633733239238,7.939308398023995,8.071630204657728,0.0,0.0,0.0,0.0,0.0,0.0,0.0,0.0,0.0,5.847953216374268,0.0,0.0,0.0,0.0,0.0,81.87134502923976,5.847953216374268,11.695906432748536,1.8525052928722654,0.3087508821453776,0.7498235709244884,0.2646436132674665,1.543754410726888,7.939308398023995,9.306633733239238,7.939308398023995,8.071630204657728,0.0,0.0,0.0,5.847953216374268,0.0,0.0,0.0,81.87134502923976,17.543859649122805,93.20691313086292,50.03260326775536,37.97635850388144,105.26315789473684,0,unknown,0,0,0,0,1.8525052928722654,0.3087508821453776,0.7498235709244884,0.2646436132674665,1.543754410726888,7.939308398023995,9.306633733239238,7.939308398023995,8.071630204657728,0.0,0.0,0.0,5.847953216374268,0.0,0.0,0.0,81.87134502923976,17.543859649122805,39.57457793539841,38.770289343683835,5140.350877192983
barcode18_outputC.fastq,,,68,4063,0,0,0,0,0,0,0,0,0,0,0,0,0,0,0,0,0,0,0,0,0,1,1,0,4,11,1,1,12,6,6,17,5,22,130,14,42,0,0,0,0,0,0,0,0,0,0,0,0,0,0,0,0,0,0,0.0,0.0,0.23062730627306272,0.23062730627306272,0.0,0.9225092250922509,2.53690036900369,0.23062730627306272,0.23062730627306272,2.7675276752767526,1.3837638376383763,1.3837638376383763,3.920664206642066,1.1531365313653137,5.07380073800738,29.981549815498155,3.2287822878228782,9.686346863468636,0,0,0,0,0,0,0,0,0,0.23062730627306272,1.1531365313653137,2.9981549815498156,2.7675276752767526,1.3837638376383763,1.3837638376383763,5.07380073800738,35.055350553505534,12.915129151291513,38.05350553505535,23.523985239852397,0,62.96125461254613,0,unknown,0,0,0,0,0,0,0,0,0,0,0,0,0,0.23062730627306272,1.1531365313653135,2.998154981549815,2.7675276752767526,1.3837638376383763,1.3837638376383763,5.07380073800738,35.055350553505534,12.915129151291513,62.96125461254612,0,62.96125461254612
barcode18_outputG.fastq,,,137,0,19266,9,13,20,5,2,9,6,1,5,2,8,22,5,82,10,142,168,153,0,0,0,0,0,0,0,0,0,0,0,0,0,0,0,0,0,0,0.4516258530710558,0.6523484544359696,1.0036130068245686,0.25090325170614214,0.10036130068245686,0.4516258530710558,0.30108390204737057,0.05018065034122843,0.25090325170614214,0.10036130068245686,0.4014452027298274,1.1039743075070252,0.25090325170614214,4.11481332798073,0.5018065034122843,7.125652348454436,8.430349257326375,7.677639502207949,0,0,0,0,0,0,0,0,0,0,0,0,0,0,0,0,0,0,2.1075873143315937,0.8028904054596548,0.6021678040947411,0.5018065034122843,1.3548775592131672,4.616619831393015,7.125652348454436,8.430349257326375,7.677639502207949,0,0,0,0,0,0,0,0,0,11.892814130871136,21.32677639502208,33.21959052589322,0,0,unknown,0,0,0,0,2.1075873143315937,0.8028904054596548,0.6021678040947411,0.5018065034122843,1.3548775592131674,4.616619831393015,7.125652348454436,8.430349257326375,7.677639502207949,0,0,0,0,0,0,0,0,0,33.21959052589322,33.21959052589322,0
barcode19_outputC.fastq,,,38,3019,77,0,1,0,0,0,0,0,0,0,0,0,0,0,16,0,0,1,0,0,5,0,2,1,0,2,0,2,2,7,0,18,2,66,139,133,23,0.0,10.526315789473683,0.0,0.0,0.0,0.0,0.0,0.0,0.0,0.0,0.0,0.0,0.0,168.42105263157893,0.0,0.0,10.526315789473683,0.0,0.0,1.4615609470914939,0.0,0.5846243788365975,0.29231218941829873,0.0,0.5846243788365975,0.0,0.5846243788365975,0.5846243788365975,2.046185325928091,0.0,5.261619409529378,0.5846243788365975,19.29260450160772,40.631394329143525,38.877521192633736,6.723180356620872,10.526315789473683,0.0,0.0,0.0,0.0,168.42105263157893,0.0,10.526315789473683,0.0,1.4615609470914939,0.8769365682548962,1.169248757673195,0.5846243788365975,2.046185325928091,0.0,5.8462437883659755,59.923998830751245,45.6007015492546,82.1458791673718,222.7911198633825,189.4736842105263,117.5095001461561,0,unknown,0,0,0,0,10.526315789473683,0.0,0.0,0.0,0.0,168.42105263157893,0.0,10.526315789473683,0.0,1.4615609470914939,0.8769365682548962,1.169248757673195,0.5846243788365975,2.046185325928091,0.0,5.8462437883659755,59.923998830751245,45.60070154925461,128.10904083802484,4421.0526315789475,122.77111955568547
barcode19_outputG.fastq,,,56,35,7537,1,7,7,1,0,1,0,2,5,1,9,29,1,178,3,64,85,30,0,2,0,0,0,0,0,0,0,0,0,0,0,0,0,9,11,1,0.12561236025624922,0.8792865217937444,0.8792865217937444,0.12561236025624922,0.0,0.12561236025624922,0.0,0.25122472051249845,0.6280618012812461,0.12561236025624922,1.130511242306243,3.6427584474312273,0.12561236025624922,22.35900012561236,0.3768370807687476,8.03919105639995,10.677050621781182,3.7683708076874765,0.0,34.48275862068965,0.0,0.0,0.0,0.0,0.0,0.0,0.0,0.0,0.0,0.0,0.0,0.0,0.0,155.17241379310346,189.65517241379308,17.241379310344826,1.8841854038437382,0.25122472051249845,0.8792865217937444,1.2561236025624922,3.7683708076874765,22.73583720638111,8.03919105639995,10.677050621781182,3.7683708076874765,34.48275862068965,0.0,0.0,0.0,0.0,0.0,0.0,155.17241379310346,206.89655172413794,171.50202062641586,278.30934426016483,53.259640748649666,396.55172413793105,0,unknown,0,0,0,0,1.884185403843738,0.25122472051249845,0.8792865217937446,1.256123602562492,3.7683708076874765,22.73583720638111,8.03919105639995,10.677050621781182,3.7683708076874765,34.48275862068965,0.0,0.0,0.0,0.0,0.0,0.0,155.17241379310346,206.8965517241379,59.17114378769474,56.148725034543396,7706.896551724138
barcode20_outputC.fastq,,,157,7283,467,0,1,0,0,0,0,0,0,0,0,0,3,0,7,0,5,4,8,1,0,1,11,8,0,4,3,6,19,17,83,61,13,51,223,203,90,0.0,2.0202020202020203,0.0,0.0,0.0,0.0,0.0,0.0,0.0,0.0,0.0,6.0606060606060606,0.0,14.141414141414142,0.0,10.101010101010102,8.080808080808081,16.161616161616163,0.1238083446824316,0.0,0.1238083446824316,1.3618917915067477,0.9904667574594528,0.0,0.4952333787297264,0.3714250340472948,0.7428500680945896,2.3523585489662002,2.104741859601337,10.276092608641823,7.552309025628328,1.6095084808716107,6.314225578804011,27.609260864182247,25.133093970533615,11.142751021418844,2.0202020202020203,0.0,0.0,0.0,6.0606060606060606,14.141414141414142,10.101010101010102,8.080808080808081,16.161616161616163,0.2476166893648632,2.3523585489662002,1.6095084808716107,2.3523585489662002,2.104741859601337,10.276092608641823,9.161817506499938,33.92348644298625,36.27584499195246,51.69461108547403,101.0701292984319,56.56565656565657,98.3038256778507,0,unknown,0,0,0,0,2.0202020202020203,0.0,0.0,0.0,6.0606060606060606,14.141414141414142,10.101010101010102,8.080808080808081,16.161616161616163,0.2476166893648632,2.3523585489662002,1.609508480871611,2.3523585489662002,2.104741859601337,10.276092608641823,9.161817506499938,33.92348644298626,36.27584499195246,105.13213167329442,1660.6060606060607,101.77045932895876
barcode20_outputG.fastq,,,314,338,26073,17,20,28,1,13,12,1,2,9,2,4,45,1,259,24,319,251,133,0,0,0,1,0,0,0,0,0,0,0,0,1,2,3,25,3,3,0.6246784743146909,0.7349158521349306,1.0288821929889027,0.03674579260674653,0.47769530388770487,0.44094951128095833,0.03674579260674653,0.07349158521349305,0.33071213346071876,0.07349158521349305,0.1469831704269861,1.6535606673035939,0.03674579260674653,9.51716028514735,0.8818990225619167,11.721907841552142,9.22319394429338,4.887190416697289,0.0,0.0,0.0,2.6595744680851063,0.0,0.0,0.0,0.0,0.0,0.0,0.0,0.0,2.6595744680851063,5.319148936170213,7.978723404255319,66.48936170212765,7.978723404255319,7.978723404255319,2.3884765194385245,0.9553906077754097,0.44094951128095833,0.22047475564047916,1.6903064599103401,10.399059307709267,11.721907841552142,9.22319394429338,4.887190416697289,0.0,2.6595744680851063,0.0,0.0,0.0,0.0,7.978723404255319,74.46808510638297,15.957446808510637,87.77006203002522,55.22071712150661,41.92694936429779,101.06382978723403,0,unknown,0,0,0,0,2.388476519438524,0.9553906077754097,0.44094951128095833,0.22047475564047916,1.6903064599103403,10.399059307709267,11.721907841552142,9.22319394429338,4.887190416697289,0.0,2.6595744680851063,0.0,0.0,0.0,0.0,7.9787234042553195,74.46808510638297,15.957446808510637,44.74554410296553,43.32328948335416,3135.6382978723404
barcode21_outputC.fastq,,,94,4398,246,0,0,1,0,0,0,0,0,0,0,1,1,0,0,2,8,1,1,0,2,0,4,2,0,6,0,5,12,11,2,31,7,27,141,34,30,0.0,0.0,3.8314176245210727,0.0,0.0,0.0,0.0,0.0,0.0,0.0,3.8314176245210727,3.8314176245210727,0.0,0.0,7.662835249042145,30.65134099616858,3.8314176245210727,3.8314176245210727,0.0,0.4244482173174873,0.0,0.8488964346349746,0.4244482173174873,0.0,1.2733446519524618,0.0,1.0611205432937183,2.5466893039049237,2.33446519524618,0.4244482173174873,6.578947368421052,1.4855687606112054,5.730050933786078,29.923599320882854,7.215619694397283,6.366723259762309,3.8314176245210727,0.0,0.0,3.8314176245210727,3.8314176245210727,7.662835249042145,30.65134099616858,3.8314176245210727,3.8314176245210727,0.4244482173174873,1.2733446519524618,2.33446519524618,2.5466893039049237,2.33446519524618,0.4244482173174873,8.064516129032258,35.65365025466893,13.582342954159593,49.48236832347833,72.29280096793708,57.47126436781609,66.6383701188455,0,unknown,0,0,0,0,3.8314176245210727,0.0,0.0,3.8314176245210727,3.8314176245210727,7.662835249042145,30.65134099616858,3.8314176245210727,3.8314176245210727,0.4244482173174873,1.2733446519524618,2.33446519524618,2.5466893039049237,2.33446519524618,0.4244482173174873,8.064516129032258,35.65365025466893,13.582342954159593,72.96409867858277,1260.536398467433,69.82173174872666
barcode21_outputG.fastq,,,178,213,12041,13,11,13,0,2,3,0,2,2,1,15,21,0,80,13,161,123,41,0,0,0,0,0,0,0,0,0,1,0,0,2,0,0,9,0,5,1.0365173018657312,0.8770531015786955,1.0365173018657312,0.0,0.15946420028703556,0.23919630043055334,0.0,0.15946420028703556,0.15946420028703556,0.07973210014351778,1.1959815021527667,1.6743741030138735,0.0,6.3785680114814225,1.0365173018657312,12.836868123106363,9.807048317652688,3.269016105884229,0.0,0.0,0.0,0.0,0.0,0.0,0.0,0.0,0.0,4.3478260869565215,0.0,0.0,8.695652173913043,0.0,0.0,39.130434782608695,0.0,21.73913043478261,2.950087705310158,0.3986605007175889,0.3189284005740711,1.2757136022962845,1.6743741030138735,7.415085313347154,12.836868123106363,9.807048317652688,3.269016105884229,0.0,0.0,0.0,4.3478260869565215,0.0,0.0,8.695652173913043,39.130434782608695,21.73913043478261,53.56194490858542,60.296880741577866,39.94578217190241,73.91304347826087,0,unknown,0,0,0,0,2.9500877053101577,0.3986605007175889,0.3189284005740711,1.2757136022962845,1.6743741030138735,7.415085313347154,12.836868123106363,9.807048317652688,3.269016105884229,0.0,0.0,0.0,4.3478260869565215,0.0,0.0,8.695652173913043,39.130434782608695,21.73913043478261,42.676111086017045,41.30122787434221,2252.173913043478
barcode22_outputC.fastq,,,82,6047,767,0,0,0,0,0,0,0,0,0,0,2,0,0,5,0,10,7,2,8,1,2,14,1,18,4,0,7,23,17,24,55,5,34,173,64,56,0.0,0.0,0.0,0.0,0.0,0.0,0.0,0.0,0.0,0.0,2.5220680958385877,0.0,0.0,6.305170239596469,0.0,12.610340479192939,8.827238335435057,2.5220680958385877,1.220814893941706,0.15260186174271326,0.3052037234854265,2.1364260643979853,0.15260186174271326,2.7468335113688385,0.610407446970853,0.0,1.0682130321989927,3.509842820082405,2.594231649626125,3.6624446818251184,8.39310239584923,0.7630093087135662,5.18846329925225,26.400122081489393,9.766519151533648,8.545704257591941,0.0,0.0,0.0,2.5220680958385877,0.0,6.305170239596469,12.610340479192939,8.827238335435057,2.5220680958385877,1.678620479169846,5.035861437509538,1.678620479169846,3.509842820082405,2.594231649626125,3.6624446818251184,9.156111704562795,31.58858538074164,18.31222340912559,42.09444419534655,65.31475144274188,32.786885245901644,77.2165420418129,0,unknown,0,0,0,0,0.0,0.0,0.0,2.5220680958385877,0.0,6.305170239596469,12.610340479192939,8.827238335435057,2.5220680958385877,1.6786204791698458,5.035861437509537,1.6786204791698456,3.509842820082405,2.594231649626125,3.6624446818251184,9.156111704562797,31.58858538074164,18.31222340912559,84.82824187246511,670.8701134930643,81.18419044712346
barcode22_outputG.fastq,,,130,656,15054,8,3,13,5,0,10,4,1,15,0,10,33,5,112,24,199,160,79,0,0,0,1,0,0,0,0,0,2,1,0,3,2,3,41,1,4,0.5084207181442644,0.19065776930409914,0.8261836669844296,0.31776294884016526,0.0,0.6355258976803305,0.2542103590721322,0.06355258976803305,0.9532888465204957,0.0,0.6355258976803305,2.0972354623450906,0.31776294884016526,7.117890054019701,1.5252621544327931,12.646965363838577,10.168414362885288,5.020654591674611,0.0,0.0,0.0,1.4005602240896358,0.0,0.0,0.0,0.0,0.0,2.8011204481792715,1.4005602240896358,0.0,4.201680672268908,2.8011204481792715,4.201680672268908,57.422969187675065,1.4005602240896358,5.602240896358543,1.5252621544327931,0.9532888465204957,1.271051795360661,0.6355258976803305,2.414998411185256,8.643152208452495,12.646965363838577,10.168414362885288,5.020654591674611,0.0,1.4005602240896358,0.0,2.8011204481792715,1.4005602240896358,0.0,7.002801120448179,61.62464985994398,7.002801120448179,75.7333247884473,47.37792161669243,43.27931363203051,81.23249299719888,0,unknown,0,0,0,0,1.5252621544327931,0.9532888465204958,1.271051795360661,0.6355258976803305,2.414998411185256,8.643152208452493,12.646965363838577,10.168414362885288,5.020654591674611,0.0,1.4005602240896358,0.0,2.8011204481792715,1.4005602240896358,0.0,7.002801120448179,61.62464985994397,7.002801120448179,50.76914481404436,46.96536383857642,1035.014005602241
barcode23_outputC.fastq,,,76,3836,0,0,0,0,0,0,0,0,0,0,0,0,0,0,0,0,0,0,0,0,2,0,6,0,0,0,3,2,19,7,0,45,7,29,134,10,42,0,0,0,0,0,0,0,0,0,0,0,0,0,0,0,0,0,0,0.0,0.48285852245292127,0.0,1.448575567358764,0.0,0.0,0.0,0.724287783679382,0.48285852245292127,4.587155963302752,1.6900048285852245,0.0,10.864316755190728,1.6900048285852245,7.001448575567359,32.35152100434573,2.4142926122646062,10.140028971511347,0,0,0,0,0,0,0,0,0,0.48285852245292127,1.448575567358764,1.2071463061323031,4.587155963302752,1.6900048285852245,0.0,12.554321583775954,39.352969579913086,12.554321583775954,40.56011588604539,31.627233220666344,0,73.87735393529695,0,unknown,0,0,0,0,0,0,0,0,0,0,0,0,0,0.48285852245292127,1.448575567358764,1.2071463061323033,4.587155963302752,1.6900048285852245,0.0,12.554321583775952,39.352969579913086,12.554321583775954,73.87735393529695,0,73.87735393529695
barcode23_outputG.fastq,,,158,0,17045,6,9,28,0,0,5,3,0,8,3,19,65,0,41,26,124,152,92,0,0,0,0,0,0,0,0,0,0,0,0,0,0,0,0,0,0,0.340406218086917,0.5106093271303757,1.5885623510722795,0.0,0.0,0.2836718484057642,0.1702031090434585,0.0,0.45387495744922274,0.1702031090434585,1.077953023941904,3.6877340292749348,0.0,2.3261091569272665,1.475093611709974,7.035061840462952,8.623624191535232,5.219562010666062,0,0,0,0,0,0,0,0,0,0,0,0,0,0,0,0,0,0,2.4395778962895722,0.2836718484057642,0.6240780664926813,1.2481561329853625,3.6877340292749348,3.8012027686372405,7.035061840462952,8.623624191535232,5.219562010666062,0,0,0,0,0,0,0,0,0,14.750936117099739,18.21173266765006,32.9626687847498,0,0,unknown,0,0,0,0,2.4395778962895722,0.2836718484057642,0.6240780664926813,1.2481561329853625,3.6877340292749348,3.8012027686372405,7.035061840462952,8.623624191535232,5.219562010666062,0,0,0,0,0,0,0,0,0,32.9626687847498,32.9626687847498,0
barcode24_outputC.fastq,,,75,2680,0,0,0,0,0,0,0,0,0,0,0,0,0,0,0,0,0,0,0,5,7,0,8,6,0,0,0,2,5,5,13,12,11,38,91,24,30,0,0,0,0,0,0,0,0,0,0,0,0,0,0,0,0,0,0,1.7024174327545114,2.383384405856316,0.0,2.723867892407218,2.042900919305414,0.0,0.0,0.0,0.6809669731018045,1.7024174327545114,1.7024174327545114,4.42628532516173,4.085801838610828,3.745318352059925,12.938372488934288,30.983997276132104,8.171603677221656,10.214504596527068,0,0,0,0,0,0,0,0,0,4.085801838610828,4.766768811712632,0.6809669731018045,1.7024174327545114,1.7024174327545114,4.42628532516173,7.831120190670752,43.92236976506639,18.38610827374872,44.603336738168196,41.19850187265918,0,87.50425604358189,0,unknown,0,0,0,0,0,0,0,0,0,0,0,0,0,4.085801838610827,4.766768811712632,0.6809669731018045,1.7024174327545114,1.7024174327545114,4.42628532516173,7.831120190670752,43.92236976506639,18.386108273748725,87.50425604358189,0,87.50425604358189
barcode24_outputG.fastq,,,135,0,11463,10,9,12,1,3,1,0,3,6,7,12,16,1,73,15,112,140,42,0,0,0,0,0,0,0,0,0,0,0,0,0,0,0,0,0,0,0.8385041086701325,0.7546536978031192,1.006204930404159,0.08385041086701325,0.25155123260103973,0.08385041086701325,0.0,0.25155123260103973,0.5031024652020795,0.5869528760690927,1.006204930404159,1.341606573872212,0.08385041086701325,6.121079993291968,1.2577561630051988,9.391246017105484,11.739057521381856,3.5217172564145565,0,0,0,0,0,0,0,0,0,0,0,0,0,0,0,0,0,0,2.599362736877411,0.41925205433506624,0.7546536978031192,1.5931578064732517,1.425456984739225,7.378836156297166,9.391246017105484,11.739057521381856,3.5217172564145565,0,0,0,0,0,0,0,0,0,15.763877242998491,23.058862988428643,38.82274023142713,0,0,unknown,0,0,0,0,2.599362736877411,0.41925205433506624,0.7546536978031192,1.5931578064732517,1.4254569847392253,7.378836156297167,9.391246017105484,11.739057521381856,3.5217172564145565,0,0,0,0,0,0,0,0,0,38.82274023142713,38.82274023142713,0
