FileName,Age,Telomere_Length,c_strand,g_strand,g_strand_mutations_G>A_g1,g_strand_mutations_G>A_g2,g_strand_mutations_G>A_g3,g_strand_mutations_G>C_g1,g_strand_mutations_G>C_g2,g_strand_mutations_G>C_g3,g_strand_mutations_G>T_g1,g_strand_mutations_G>T_g2,g_strand_mutations_G>T_g3,g_strand_mutations_T>A_t1,g_strand_mutations_T>A_t2,g_strand_mutations_T>C_t1,g_strand_mutations_T>C_t2,g_strand_mutations_T>G_t1,g_strand_mutations_T>G_t2,g_strand_mutations_A>T_a1,g_strand_mutations_A>G_a1,g_strand_mutations_A>C_a1,c_strand_mutations_C>A_c1,c_strand_mutations_C>A_c2,c_strand_mutations_C>A_c3,c_strand_mutations_C>G_c1,c_strand_mutations_C>G_c2,c_strand_mutations_C>G_c3,c_strand_mutations_C>T_c1,c_strand_mutations_C>T_c2,c_strand_mutations_C>T_c3,c_strand_mutations_T>A_t1,c_strand_mutations_T>C_t1,c_strand_mutations_T>G_t1,c_strand_mutations_A>T_a1,c_strand_mutations_A>T_a2,c_strand_mutations_A>G_a1,c_strand_mutations_A>G_a2,c_strand_mutations_A>C_a1,c_strand_mutations_A>C_a2,g_strand_mutations_G>A_g1_per_1k,g_strand_mutations_G>A_g2_per_1k,g_strand_mutations_G>A_g3_per_1k,g_strand_mutations_G>C_g1_per_1k,g_strand_mutations_G>C_g2_per_1k,g_strand_mutations_G>C_g3_per_1k,g_strand_mutations_G>T_g1_per_1k,g_strand_mutations_G>T_g2_per_1k,g_strand_mutations_G>T_g3_per_1k,g_strand_mutations_T>A_t1_per_1k,g_strand_mutations_T>A_t2_per_1k,g_strand_mutations_T>C_t1_per_1k,g_strand_mutations_T>C_t2_per_1k,g_strand_mutations_T>G_t1_per_1k,g_strand_mutations_T>G_t2_per_1k,g_strand_mutations_A>T_a1_per_1k,g_strand_mutations_A>G_a1_per_1k,g_strand_mutations_A>C_a1_per_1k,c_strand_mutations_C>A_c1_per_1k,c_strand_mutations_C>A_c2_per_1k,c_strand_mutations_C>A_c3_per_1k,c_strand_mutations_C>G_c1_per_1k,c_strand_mutations_C>G_c2_per_1k,c_strand_mutations_C>G_c3_per_1k,c_strand_mutations_C>T_c1_per_1k,c_strand_mutations_C>T_c2_per_1k,c_strand_mutations_C>T_c3_per_1k,c_strand_mutations_T>A_t1_per_1k,c_strand_mutations_T>C_t1_per_1k,c_strand_mutations_T>G_t1_per_1k,c_strand_mutations_A>T_a1_per_1k,c_strand_mutations_A>T_a2_per_1k,c_strand_mutations_A>G_a1_per_1k,c_strand_mutations_A>G_a2_per_1k,c_strand_mutations_A>C_a1_per_1k,c_strand_mutations_A>C_a2_per_1k,composite_transition_per_1k,composite_transversion_per_1k,mutation_ratio_CtoA_CtoT,mutation_ratio_GtoA_GtoT,g_strand_mutations_sum_per_1k,c_strand_mutations_sum_per_1k,log_telomere_length,telomere_length_bin,telomere_transition_interaction,total_mutations_over_total_g_strand_2xrepeats_per_1k
HG002.1.NB65uq.fastq,,,70842,585237,647,366,1161,396,313,167,153,83,506,352,736,1502,396,8073,3223,10249,52459,3962,464,124,156,278,151,311,157,54,75,277,2586,765,1535,540,1135,3134,8358,3086,1.1055350225635086,0.6253876634594191,1.9838116865475013,0.6766489473495354,0.5348260619202135,0.28535448032164745,0.26143254783959324,0.14182288542932178,0.8646069882799617,0.6014657309773647,1.2576101647708535,2.5664816134318236,0.6766489473495354,13.7944114948303,5.507170599261496,17.512563286326735,89.63718971972038,6.769906892421361,6.5497868496089895,1.7503740718782643,2.2020835097823324,3.9242257417915924,2.131503910109822,4.3900510996301625,2.2161994297168346,0.7622596764631151,1.05869399508766,3.91010982185709,36.50376895062251,10.79867874989413,21.667937099460772,7.622596764631151,16.02156912565992,44.23929307472968,117.98085881256881,43.56172891787358,160.89306995472938,274.69775542881507,2.601397957034147,2.929916826555615,144.80287473280055,327.2917196013664,0,unknown,0,184.42101234200845
HG002.1.NB72uq.fastq,,,11649,167940,158,139,282,126,107,51,35,22,141,102,246,529,126,2492,836,2960,14884,1130,94,34,35,42,27,58,33,15,9,57,384,148,279,84,157,552,1137,428,0.9408121948314874,0.82767655114922,1.6791711325473382,0.7502679528403001,0.6371323091580327,0.30367988567345483,0.20840776467786115,0.1309991663689413,0.8395855662736691,0.6073597713469097,1.4648088603072527,3.1499345004168156,0.7502679528403001,14.838632845063712,4.977968322019769,17.62534238418483,88.626890556151,6.728593545313802,8.069362177010902,2.918705468280539,3.0045497467593782,3.605459696111254,2.3177955189286634,4.978968151772684,2.8328611898017,1.287664177182591,0.7725985063095545,4.893123873293845,32.964202935874326,12.70495321486823,23.950553695596188,7.210919392222508,13.477551721177782,47.38604172031934,97.60494463044039,36.741351188943256,161.73147020272714,257.1134651274564,2.8596485383851604,2.924239943955272,145.08753126116468,306.72160700489314,0,unknown,0,166.3629867809932
HG002.1A14.NB50uq.fastq.gz,,,12501,112743,147,78,168,69,64,23,20,26,125,85,157,118,69,614,782,2356,8746,645,69,17,20,23,19,20,22,15,15,48,300,90,198,59,69,338,298,405,1.3038503499108594,0.6918389611771907,1.4901146856124103,0.6120113887336686,0.5676627373761564,0.2040037962445562,0.1773946054300489,0.23061298705906355,1.1087162839378053,0.7539270730777077,1.3925476526258838,1.0466281720372883,0.6120113887336686,5.446014386702501,6.936129072314911,20.897084519659757,77.57466095456037,5.720976025119076,5.519558435325174,1.3598912087033037,1.5998720102391808,1.839852811775058,1.519878409727222,1.5998720102391808,1.7598592112630989,1.1999040076793857,1.1999040076793857,3.8396928245740343,23.998080153587715,7.199424046076314,15.83873290136789,4.719622430205583,5.519558435325174,27.037836973042157,23.838092952563795,32.39740820734342,119.436167147021,145.3189787764213,2.038461048407662,2.2982440987664656,126.76618504031292,161.98704103671707,0,unknown,0,144.72738884010536
HG002.1A14.NB68uq.fastq.gz,,,9898,49458,57,34,58,47,32,4,7,11,45,32,70,49,47,275,229,1018,3868,299,65,9,21,28,20,23,14,6,8,44,270,82,214,41,65,234,364,330,1.152493024384326,0.6874519794573173,1.1727122002507178,0.9503012657204092,0.647013627724534,0.08087670346556675,0.1415342310647418,0.22241093453030852,0.9098629139876259,0.647013627724534,1.415342310647418,0.9907396174531925,0.9503012657204092,5.560273363257714,4.630191273403696,20.583121031986735,78.20777225120304,6.045533584051114,6.566983228935138,0.9092746009294808,2.1216407355021216,2.828854314002829,2.020610224287735,2.323701757930895,1.4144271570014144,0.6061830672863204,0.8082440897150939,4.445342493433016,27.27823802788442,8.284501919579712,21.620529399878766,4.142250959789856,6.566983228935138,23.6411396241665,36.77510608203678,33.34006870074763,116.19844750557347,167.21233928461837,3.3928559434825667,2.365077508380898,124.99494520603339,185.69407961204286,0,unknown,0,162.15779044846133
HG002.1A14.NB88uq.fastq.gz,,,4192,18536,33,10,34,15,16,3,11,3,12,8,24,32,15,104,108,391,1277,126,21,3,5,15,7,8,3,3,10,14,132,34,71,19,27,135,255,124,1.7803193785066898,0.5394907207596029,1.8342684505826499,0.8092360811394044,0.8631851532153647,0.16184721622788087,0.5934397928355633,0.16184721622788087,0.6473888649115235,0.43159257660768235,1.294777729823047,1.7263703064307294,0.8092360811394044,5.6107034958998705,5.826499784203712,21.094087181700473,68.8929650410013,6.7975830815709966,5.009541984732824,0.7156488549618321,1.1927480916030535,3.57824427480916,1.6698473282442747,1.9083969465648853,0.7156488549618321,0.7156488549618321,2.385496183206107,3.3396946564885495,31.488549618320608,8.110687022900763,16.93702290076336,4.5324427480916025,6.440839694656489,32.204198473282446,60.83015267175573,29.580152671755727,118.04448203948908,181.69676832703516,1.8124995251251241,2.9615363501908547,119.87483815278378,211.35496183206106,0,unknown,0,167.67371601208458
HG002.1A15.NB68uq.fastq.gz,,,31869,509239,591,318,682,406,334,110,117,103,437,370,715,534,406,3173,3287,10171,62246,3296,277,109,105,144,78,119,94,27,41,166,1244,483,909,283,377,1963,2562,1617,1.1605552599074305,0.6244612058385159,1.339253277930402,0.7972680804101806,0.6558806375788185,0.216008593214581,0.2297545946009634,0.20226259182819856,0.8581432294070171,0.7265743589944996,1.4040558558947762,1.048623534332602,0.7972680804101806,6.230866056998776,6.454729508148433,19.972940014413663,122.23337175668006,6.472402938502354,8.691832188019706,3.4202516552135305,3.2947378330038597,4.518497599548151,2.4475195330885815,3.734036210737708,2.949574821927265,0.8472182999152782,1.2865166776491261,5.20882362170134,39.03479870720763,15.155794031817754,28.523016097147696,8.880102921334212,11.829677743261477,61.59590824939597,80.39160312529417,50.738962628259436,205.7124289072483,259.2260639051584,3.0308636012926415,2.4216115172313133,171.42441957509146,332.5488719445229,0,unknown,0,192.23586567407443
HG002.1A16.NB68uq.fastq.gz,,,97152,865556,1072,611,1102,639,597,194,156,178,777,646,1213,802,639,4945,6103,18240,76213,5499,576,109,127,217,225,270,150,61,116,338,2754,886,2156,502,547,3656,3378,4029,1.2385102754761101,0.7059046439514023,1.273170077961449,0.7382537929377186,0.6897300694582442,0.2241333894051916,0.1802309729237623,0.20564816141301084,0.8976888843702776,0.7463410801842978,1.401411347157203,0.92657205310806,0.7382537929377186,5.713090776333363,7.050959152267444,21.073159911086055,88.05091756050447,6.353141795562621,5.928853754940711,1.1219532279314888,1.307229907773386,2.233613306982872,2.3159584980237153,2.7791501976284585,1.5439723320158103,0.6278820816864294,1.1940052700922266,3.479084321475626,28.347332015810277,9.119729907773387,22.192028985507246,5.167160737812912,5.630352437417655,37.63175230566535,34.77025691699605,41.471096837944664,139.56129283081668,177.1599059338897,2.4831796903795924,2.506748722113954,138.2071177370384,206.86141304347825,0,unknown,0,161.42571942196693
HG002.1A16.NB88uq.fastq.gz,,,42789,344531,431,295,418,284,250,74,58,78,331,266,509,322,284,1961,2321,7145,29525,1965,290,69,96,131,97,150,96,21,74,128,1503,388,1086,285,309,1695,1628,1906,1.2509759644270035,0.8562364489697588,1.2132435107435906,0.8243089881607171,0.7256241092964059,0.21478473635173614,0.16834479335676614,0.22639472210047862,0.9607263207084413,0.7720640522913758,1.4773706865274823,0.9346038527737708,0.8243089881607171,5.691795513321008,6.7366942307078315,20.738337043691278,85.69620730790552,5.70340549906975,6.777442800719811,1.6125639767229896,2.2435672719624202,3.0615345065320527,2.2669377643786954,3.5055738624412816,2.2435672719624202,0.4907803407417794,1.7294164388043656,2.9914230292832267,35.12585010166165,9.067751057514782,25.38035476407488,6.6605903386384355,7.22148215662904,39.61298464558649,38.047161653696044,44.54415854542055,142.07380692670446,190.39891026696844,2.3821984192047743,2.4496769935981493,135.01542676856363,232.5831405267709,0,unknown,0,163.90107131143498
HG002.1A18.NB68uq.fastq.gz,,,156951,1570481,1992,1228,2366,1281,1005,416,365,286,1488,1450,2103,1659,1281,8736,10972,32856,159748,8824,1074,270,285,433,357,513,287,108,216,570,5475,1546,3784,1023,1293,6290,7338,6843,1.2684012095657318,0.7819260468608025,1.5065448101568883,0.8156736694044691,0.6399313331393376,0.2648869995880243,0.2324128722346848,0.1821098122167667,0.9474804216033177,0.9232840129871039,1.3390801926288824,1.0563642603762795,0.8156736694044691,5.562626991348511,6.986394614134141,20.920978986692614,101.71915483218199,5.6186607797229,6.842900013379972,1.720282126268708,1.8158533555058585,2.7588228173124096,2.2745952558441807,3.268536039910545,1.828596186070812,0.6881128505074832,1.3762257010149663,3.631706711011717,34.88349867155991,9.850208026708973,24.10943542889182,6.517957833973661,8.238239960242367,40.07620212677842,46.753445342814,43.59959477798803,159.3554416531602,197.57685841531062,2.666120428068302,2.6114987838666566,151.5815855142469,240.23421322578383,0,unknown,0,175.59015358988745
HG002.1A21.NB68uq.fastq.gz,,,93627,836752,1153,715,1455,650,552,240,207,155,822,718,1213,909,650,4891,5877,17220,71451,4996,544,147,154,229,171,281,172,55,107,305,2752,868,1926,512,651,3191,3577,3623,1.3779471097768514,0.8544945216742834,1.7388664741763389,0.7768132015220758,0.659693672677209,0.28682333594661263,0.2473851272539534,0.1852400711321873,0.9823699256171481,0.858079813373616,1.4496529437635046,1.0863433848977953,0.7768132015220758,5.8452205671453425,7.023586438992677,20.579574354169456,85.3908924030059,5.970705776621986,5.810289766840762,1.5700599186132207,1.6448246766424215,2.445875655526718,1.8263962318561953,3.0012710008864962,1.8370769115746526,0.5874373845151505,1.1428327298749292,3.257607314129471,29.39323058519444,9.270829995620922,20.570989137748725,5.468508015850129,6.953122496715691,34.08204898159719,38.2047913529217,38.69610261997074,135.82787559933087,176.63269091482326,2.5299394105669544,2.8065858543781026,136.09050232326902,205.76329477607956,0,unknown,0,159.11405051915023
HG002.1A34.NB65uq.fastq.gz,,,70842,585237,647,366,1161,396,313,167,153,83,506,352,736,1502,396,8073,3223,10249,52459,3962,464,124,156,278,151,311,157,54,75,277,2586,765,1535,540,1135,3134,8358,3086,1.1055350225635086,0.6253876634594191,1.9838116865475013,0.6766489473495354,0.5348260619202135,0.28535448032164745,0.26143254783959324,0.14182288542932178,0.8646069882799617,0.6014657309773647,1.2576101647708535,2.5664816134318236,0.6766489473495354,13.7944114948303,5.507170599261496,17.512563286326735,89.63718971972038,6.769906892421361,6.5497868496089895,1.7503740718782643,2.2020835097823324,3.9242257417915924,2.131503910109822,4.3900510996301625,2.2161994297168346,0.7622596764631151,1.05869399508766,3.91010982185709,36.50376895062251,10.79867874989413,21.667937099460772,7.622596764631151,16.02156912565992,44.23929307472968,117.98085881256881,43.56172891787358,160.89306995472938,274.69775542881507,2.601397957034147,2.929916826555615,144.80287473280055,327.2917196013664,0,unknown,0,184.42101234200845
HG002.1A34.NB72uq.fastq.gz,,,11649,167940,158,139,282,126,107,51,35,22,141,102,246,529,126,2492,836,2960,14884,1130,94,34,35,42,27,58,33,15,9,57,384,148,279,84,157,552,1137,428,0.9408121948314874,0.82767655114922,1.6791711325473382,0.7502679528403001,0.6371323091580327,0.30367988567345483,0.20840776467786115,0.1309991663689413,0.8395855662736691,0.6073597713469097,1.4648088603072527,3.1499345004168156,0.7502679528403001,14.838632845063712,4.977968322019769,17.62534238418483,88.626890556151,6.728593545313802,8.069362177010902,2.918705468280539,3.0045497467593782,3.605459696111254,2.3177955189286634,4.978968151772684,2.8328611898017,1.287664177182591,0.7725985063095545,4.893123873293845,32.964202935874326,12.70495321486823,23.950553695596188,7.210919392222508,13.477551721177782,47.38604172031934,97.60494463044039,36.741351188943256,161.73147020272714,257.1134651274564,2.8596485383851604,2.924239943955272,145.08753126116468,306.72160700489314,0,unknown,0,166.3629867809932
HG002.1A35.NB01uq.fastq.gz,,,68617,806814,713,514,1517,608,463,260,209,130,713,570,1120,1837,608,9523,4394,14255,81275,5337,372,154,114,160,100,204,98,46,69,234,1771,600,1129,380,673,2007,4370,2360,0.8837228902820229,0.6370737245511358,1.880235097556562,0.7535813706752734,0.5738621293135716,0.3222551914071893,0.2590435961696252,0.16112759570359464,0.8837228902820229,0.7064825350080688,1.3881762091386616,2.2768568715961797,0.7535813706752734,11.803216106810243,5.446112734781499,17.668260590421088,100.73573339084349,6.614907525154497,5.421397029890551,2.2443417811912503,1.6613958639987176,2.33178366877013,1.4573647929813314,2.9730241776819155,1.4282174971217045,0.6703878047714124,1.0055817071571185,3.410233615576315,25.809930483699375,8.744188757887986,16.45364851275923,5.5379862133290585,9.808065056764358,29.249311395135315,63.68684145328417,34.393809114359414,149.32876680645458,194.8967634565754,3.0046938677320227,2.608363018570532,153.74795182037,216.28750892635935,0,unknown,0,172.14252603450115
HG002.1A35.NB50uq.fastq.gz,,,82920,586605,521,391,1072,481,322,193,159,92,546,402,891,1483,481,7098,3614,10660,59211,4018,322,116,120,164,119,225,98,37,62,283,2018,740,1272,395,837,2221,4943,2551,0.8881615397072987,0.6665473359415621,1.827464818745152,0.819972553933226,0.5489213354812864,0.3290118563599015,0.2710512184519396,0.15683466728036752,0.9307796558160943,0.6852993070294321,1.5189096581174726,2.528106647573751,0.819972553933226,12.100135525609225,6.160874864687481,18.17236470879041,100.93845091671568,6.849583621005617,3.8832609744331887,1.398938736131211,1.447178002894356,1.977809937288953,1.4351181862035698,2.7134587554269176,1.1818620356970575,0.44621321755909316,0.7477086348287506,3.412928123492523,24.336710082006753,8.924264351181863,15.340086830680173,4.763627592860588,10.094066570188133,26.784852870236374,59.61167390255668,30.76459237819585,146.9234071411261,184.21667674390832,2.832486117412442,2.4893331740837055,156.21244278517912,199.26435118186203,0,unknown,0,184.37960808380427
HG002.2.NB01uq.fastq,,,68617,806814,713,514,1517,608,463,260,209,130,713,570,1120,1837,608,9523,4394,14255,81275,5337,372,154,114,160,100,204,98,46,69,234,1771,600,1129,380,673,2007,4370,2360,0.8837228902820229,0.6370737245511358,1.880235097556562,0.7535813706752734,0.5738621293135716,0.3222551914071893,0.2590435961696252,0.16112759570359464,0.8837228902820229,0.7064825350080688,1.3881762091386616,2.2768568715961797,0.7535813706752734,11.803216106810243,5.446112734781499,17.668260590421088,100.73573339084349,6.614907525154497,5.421397029890551,2.2443417811912503,1.6613958639987176,2.33178366877013,1.4573647929813314,2.9730241776819155,1.4282174971217045,0.6703878047714124,1.0055817071571185,3.410233615576315,25.809930483699375,8.744188757887986,16.45364851275923,5.5379862133290585,9.808065056764358,29.249311395135315,63.68684145328417,34.393809114359414,149.32876680645458,194.8967634565754,3.0046938677320227,2.608363018570532,153.74795182037,216.28750892635935,0,unknown,0,172.14252603450115
HG002.2.NB50uq.fastq,,,82920,586605,521,391,1072,481,322,193,159,92,546,402,891,1483,481,7098,3614,10660,59211,4018,322,116,120,164,119,225,98,37,62,283,2018,740,1272,395,837,2221,4943,2551,0.8881615397072987,0.6665473359415621,1.827464818745152,0.819972553933226,0.5489213354812864,0.3290118563599015,0.2710512184519396,0.15683466728036752,0.9307796558160943,0.6852993070294321,1.5189096581174726,2.528106647573751,0.819972553933226,12.100135525609225,6.160874864687481,18.17236470879041,100.93845091671568,6.849583621005617,3.8832609744331887,1.398938736131211,1.447178002894356,1.977809937288953,1.4351181862035698,2.7134587554269176,1.1818620356970575,0.44621321755909316,0.7477086348287506,3.412928123492523,24.336710082006753,8.924264351181863,15.340086830680173,4.763627592860588,10.094066570188133,26.784852870236374,59.61167390255668,30.76459237819585,146.9234071411261,184.21667674390832,2.832486117412442,2.4893331740837055,156.21244278517912,199.26435118186203,0,unknown,0,184.37960808380427
HG002.3.NB50uq.fastq,,,32685,217412,213,98,437,154,129,67,60,28,189,127,282,693,154,3749,1275,3814,19613,1475,157,49,57,91,53,127,50,13,30,121,927,306,547,165,427,1263,2621,1143,0.9797067319191214,0.4507570879252295,2.010008647176789,0.7083325667396464,0.5933435136974959,0.308170662152963,0.27597372730116093,0.12878773940720845,0.8693172409986569,0.584144389454124,1.2970765183154565,3.187496550328409,0.7083325667396464,17.24375839420087,5.8644417051496704,17.54272993211046,90.21121189262782,6.784354129486873,4.803426648309623,1.4991586354596909,1.7439192290041303,2.784151751567997,1.6215389322319107,3.885574422517975,1.5297537096527458,0.39773596450971394,0.9178522257916476,3.702003977359645,28.36163377696191,9.362092703074806,16.73550558360104,5.048187241854061,13.064096680434451,38.641578705828366,80.18968945999694,34.97016980266177,152.09853076293393,218.5458489066542,2.827955995357616,2.700358891370299,149.7479439957316,249.25806945081843,0,unknown,0,187.22057660110758
InterRun1.F20.NB88.fastq.gz,,,27318,159084,281,68,224,67,43,23,9,27,104,22,139,264,67,998,478,2137,11448,728,144,14,19,46,40,54,9,10,49,49,919,224,622,65,345,980,1990,908,1.7663624248824519,0.4274471348469991,1.4080611500842324,0.4211611475698373,0.27029745291795526,0.14457770737472028,0.05657388549445576,0.16972165648336726,0.6537426768248221,0.13829172009755852,0.8737522315254833,1.6595006411707023,0.4211611475698373,6.273415302607428,3.004701918483317,13.433154811294663,71.96198234894773,4.576198737773755,5.2712497254557436,0.5124826121970862,0.6955121165531883,1.6838714400761403,1.4642360348488177,1.976718647045904,0.32945310784098397,0.3660590087122044,1.7936891426898016,1.7936891426898016,33.640822900651585,8.19972179515338,22.768870341899113,2.3793835566293287,12.629035800571053,35.87378285379604,72.84574273372868,33.238157991068164,128.63653476111202,182.8452253857927,2.602940130777669,4.092852492090387,107.66010409594931,237.462478951607,0,unknown,0,148.43730356289757
InterRun2.F22.NB50.fastq.gz,,,65020,598514,1040,209,789,235,177,89,14,70,499,113,484,1245,235,4892,1784,7715,38771,2330,271,35,27,83,61,118,29,25,103,135,1697,500,1195,96,584,1481,3241,1806,1.7376368806744704,0.3491981808278503,1.3182649027424589,0.3926391028447121,0.2957324306532512,0.14870161767310372,0.023391265701387103,0.1169563285069355,0.8337315417851546,0.18880093030405304,0.8086694713908112,2.080151842730496,0.3926391028447121,8.173576557941836,2.9807155722338994,12.890258206157249,64.77876875060566,3.8929749345879965,4.167948323592741,0.5382959089510919,0.41525684404798524,1.2765302983697324,0.9381728698861889,1.8148262073208243,0.4460166102737619,0.38449707782220854,1.5841279606274992,2.076284220239926,26.099661642571515,7.689941556444171,18.37896031990157,1.4764687788372808,8.981851737926792,22.777606890187634,49.84620116887112,27.776068901876346,104.83075993726355,147.14110335811935,2.121018229881495,3.4957082466032148,101.40280762020605,176.6687173177484,0,unknown,0,120.59534112819416
InterRun3.F24.NB50.fastq.gz,,,69524,982080,1808,366,1347,427,277,137,18,119,803,187,872,1884,427,7895,3120,12680,77597,3892,440,43,52,169,108,168,18,32,130,153,2595,617,1603,148,970,2916,5452,2565,1.84099055066797,0.37267839687194526,1.3715786901270772,0.43479146301726945,0.28205441511893126,0.13949983708048225,0.018328445747800588,0.12117139133268165,0.817652329749104,0.19041218637992832,0.8879113717823395,1.918377321603128,0.43479146301726945,8.039059954382534,3.1769305962854353,12.911371782339524,79.01291137178235,3.963017269468882,6.328749784247166,0.6184914561877913,0.7479431563201197,2.4308152580403886,1.553420401587941,2.4164317358034633,0.2589034002646568,0.4602727115816121,1.8698578908002992,2.200678902249583,37.325240204821355,8.87463322018296,23.05678614579138,2.128761291064956,13.952016569817616,41.942350842874404,78.41896323571716,36.89373453771359,143.43472920940832,196.6516101675914,2.972221074218344,3.7457407674286247,115.93352883675465,261.47805074506647,0,unknown,0,134.44424079504725
InterRun4.F51.NB68.fastq.gz,,,84743,450857,582,200,607,200,115,141,91,56,420,220,371,966,200,3628,1973,6226,44946,1990,567,79,133,205,110,256,101,47,159,189,2696,791,1643,476,1476,3134,6594,2904,1.2908749337373047,0.4435996335867027,1.3463248879356426,0.4435996335867027,0.255069789312354,0.31273774167862534,0.2018378332819497,0.12420789740427675,0.9315592305320757,0.4879595969453729,0.8228773203033334,2.142586230223774,0.4435996335867027,8.046897353262786,4.376110385332822,13.809256593554053,99.69014565593969,4.413816354187691,6.690818120670734,0.9322303907107371,1.56945116410795,2.4190788619709003,1.2980423161795074,3.0208984812904904,1.1918388539466387,0.554618080549426,1.8762611661140154,2.2302727068902444,31.813837131090477,9.334104291799914,19.388032049844824,5.616983113649504,17.417367806190484,36.98240562642342,77.8117366626152,34.268317147138994,163.3796225082338,198.80589503625106,2.537458582958134,2.449733501799828,139.58306070439187,254.41629397118348,0,unknown,0,187.40310120503838
InterRun5.F67.NB01.fastq.gz,,,62437,1548249,1831,545,1226,681,481,234,28,170,1089,223,1166,2934,681,13806,4969,18957,108353,5886,361,54,27,103,100,139,15,27,135,123,2003,522,1348,137,853,2275,5468,2150,1.182626308817251,0.35201056160863015,0.7918622908847349,0.43985172927610483,0.3106735415298185,0.15113847966315497,0.01808494628448008,0.10980145958434334,0.7033752322785289,0.14403367933710923,0.7531088345608491,1.8950440142380198,0.43985172927610483,8.917170300126143,3.209432074556483,12.244154525531744,69.98422088436679,3.8017140653732056,5.781828082707369,0.8648717907650912,0.4324358953825456,1.6496628601630443,1.6016144273427615,2.2262440540064388,0.24024216410141422,0.4324358953825456,2.162179476912728,1.9699857456315963,32.080336979675515,8.360427310729214,21.589762480580426,2.1942117654595834,13.661771065233756,36.436728222047826,87.57627688710221,34.43471018786937,127.5789726128698,199.4845703558416,2.49717426036119,2.7987534318825156,105.4481546572935,253.69572529109342,0,unknown,0,115.67906712679937
InterRun6.F68.NB01.fastq.gz,,,88926,1488586,1735,504,1287,655,427,198,31,186,1041,253,1091,2772,655,11966,5082,18288,90269,5587,367,58,45,116,108,155,13,33,130,143,2303,677,1600,158,869,2172,5482,2574,1.1655356156782342,0.3385763402316023,0.8645788688056988,0.44001488661051497,0.2868493993628853,0.1330121336624152,0.020825132038054906,0.12495079222832943,0.6993213694069406,0.16995994856864166,0.7329102920489646,1.862169871273813,0.44001488661051497,8.038500966689195,3.4139780973353235,12.285484345546713,60.64076915945736,3.7532262160197662,4.127026966241594,0.6522276949373637,0.5060387288307132,1.3044553898747273,1.2144929491937118,1.7430222881946786,0.14618896610665047,0.37109506780918966,1.4618896610665049,1.608078627173155,25.89793761104739,7.613071542630951,17.992488136203136,1.7767582034500595,9.772170118975328,24.424802644895756,61.64676247666599,28.945415289116795,101.48779120091065,159.22887187203062,2.670453196177722,2.8028583686043502,95.41067832157498,191.2039223624137,0,unknown,0,106.83292735522167
IntraRun1.F52.NB01.fastq.gz,,,48900,577920,698,181,482,281,196,89,4,76,360,118,456,1024,281,5148,1679,7188,32814,2170,222,36,8,79,55,96,4,13,69,92,1225,335,866,68,404,1153,2610,1315,1.207779623477298,0.3131921373200443,0.8340254706533776,0.4862264673311185,0.3391472868217054,0.15400055370985605,0.006921373200442968,0.13150609080841638,0.622923588039867,0.20418050941306753,0.7890365448504983,1.7718715393134,0.4862264673311185,8.9078073089701,2.905246400885936,12.437707641196013,56.77948504983389,3.7548449612403103,4.539877300613497,0.736196319018405,0.16359918200408996,1.6155419222903884,1.1247443762781186,1.96319018404908,0.08179959100204498,0.2658486707566462,1.411042944785276,1.8813905930470347,25.051124744376278,6.850715746421268,17.70961145194274,1.390593047034765,8.261758691206545,23.57873210633947,53.374233128834355,26.891615541922288,94.9917622920191,148.98085751992338,3.0930214971075447,3.093177755433436,92.13212901439645,176.89161554192228,0,unknown,0,107.09959856035438
IntraRun10.F52.NB68.fastq.gz,,,35466,284987,307,105,254,110,110,43,2,41,184,63,235,548,110,2100,867,3564,16346,987,154,31,15,49,42,66,2,12,41,43,811,266,672,63,305,848,1658,958,1.0772421198159916,0.3684378585689873,0.8912687245383122,0.3859825185008439,0.3859825185008439,0.15088407541396626,0.0070178639727426165,0.14386621144122363,0.6456434854923208,0.22106271514139242,0.8245990167972574,1.922894728531477,0.3859825185008439,7.368757171379747,3.042244032183924,12.505833599427342,57.3570022492254,3.463315870548481,4.342186883212091,0.8740765803868493,0.42294028083234647,1.381604917385665,1.1842327863305702,1.8609372356623246,0.056392037444312856,0.3383522246658772,1.1560367676084138,1.2124288050527265,22.866971183668866,7.500140980093611,18.947724581289123,1.7763491794958552,8.599785710257713,23.910223876388653,46.74899904133537,27.011785935825863,96.06361881554598,142.4085962857025,3.6363612915056445,2.933917021461629,91.1480172779811,170.19116900693624,0,unknown,0,112.32793074771831
IntraRun11.F52.NB69.fastq.gz,,,20095,191610,236,55,164,89,67,32,1,19,125,39,152,365,89,1175,719,2341,10789,657,83,7,8,25,19,40,3,6,27,28,453,153,315,31,214,429,1216,474,1.2316684932936695,0.2870413861489484,0.8559052241532279,0.46448515213193464,0.3496685976723553,0.16700589739575178,0.005218934293617243,0.09915975157872763,0.6523667867021554,0.20353843745107247,0.793278012629821,1.9049110171702939,0.46448515213193464,6.132247795000262,3.7524137571107983,12.217525181357967,56.30708209383644,3.428839830906529,4.1303806917143575,0.3483453595421747,0.3981089823339139,1.244090569793481,0.9455088330430456,1.9905449116695697,0.1492908683752177,0.2985817367504354,1.3436178153769593,1.3933814381686989,22.542921124657873,7.613834287136104,15.67554117939786,1.5426723065439165,10.649415277432198,21.348594177656135,60.512565314754916,23.5879572032844,94.84059324232547,147.64867921161343,2.72222070269375,3.1379268878746824,89.31684150096551,175.71535207763125,0,unknown,0,107.74489849172798
IntraRun12.F52.NB70.fastq.gz,,,22745,200610,253,66,203,109,53,34,2,19,121,54,161,412,109,1679,606,2393,11198,788,107,20,7,23,27,54,4,6,41,50,480,166,394,37,189,610,1534,627,1.2611534818802652,0.32899656049050396,1.011913663326853,0.5433428044464383,0.2641942076666168,0.16948307661632023,0.009969592742136484,0.0947111310502966,0.6031603608992573,0.269179004037685,0.802552215741987,2.0537361048801155,0.5433428044464383,8.369473107023579,3.0207866008673547,11.928617715966302,55.81974976322218,3.928019540401775,4.7043306221147505,0.8793141349747198,0.3077599472411519,1.0112112552209276,1.1870740822158716,2.3741481644317433,0.17586282699494396,0.26379424049241595,1.8025939766981753,2.198285337436799,21.103539239393275,7.298307320290173,17.322488459001978,1.6267311497032315,8.3095185755111,26.819081116728952,67.44339415256101,27.566498131457465,98.38974311467194,163.92303211410956,2.6274498086010607,3.676051144699858,91.0223817357061,192.3939327324687,0,unknown,0,112.83585065550072
IntraRun13.F52.NB72.fastq.gz,,,22735,163248,191,53,137,96,47,24,2,13,102,40,137,321,96,1864,481,1784,9004,636,112,23,3,25,24,43,4,3,33,32,626,167,442,36,227,533,1240,672,1.169999019896109,0.3246594138978732,0.839213956679408,0.5880623346074684,0.28790551798490643,0.1470155836518671,0.012251298637655592,0.07963344114476134,0.6248162305204351,0.24502597275311183,0.839213956679408,1.9663334313437222,0.5880623346074684,11.418210330295011,2.9464373223561697,10.928158384788787,55.15534646672547,3.8959129667744783,4.926325049483176,1.0116560369474379,0.13195513525401364,1.0996261271167802,1.0556410820321092,1.8913569386408622,0.17594018033868486,0.13195513525401364,1.45150648779415,1.4075214427094789,27.534638223004176,7.345502529140092,19.441389927424677,1.5834616230481635,9.984605234220366,23.444029030129755,54.541455904992304,29.557950296899055,95.23165069088702,156.0064854338822,3.449998039107365,3.2564057128058135,92.05625796334411,186.7165163844293,0,unknown,0,118.0596393217681
IntraRun14.F52.NB88.fastq.gz,,,14397,117611,157,32,116,54,28,18,2,14,67,28,112,185,54,1167,237,1356,6500,357,72,12,9,22,17,40,2,7,15,38,415,124,298,29,108,252,649,507,1.334909149654369,0.2720833935601262,0.9863023016554574,0.4591407266327129,0.2380729693651104,0.15304690887757097,0.017005212097507886,0.1190364846825552,0.5696746052665141,0.2380729693651104,0.9522918774604416,1.5729821190194795,0.4591407266327129,9.922541258895851,2.0151176335546848,11.529533802110347,55.26693931690063,3.0354303594051575,5.001041883725776,0.8335069806209627,0.625130235465722,1.5280961311384316,1.1808015558796972,2.778356602069876,0.1389178301034938,0.48621240536222826,1.0418837257762035,2.639438771966382,28.825449746474963,8.612905466416613,20.698756685420573,2.0143085365006597,7.501562825588664,17.503646593040216,45.07883586858373,35.215669931235674,86.56458038729359,155.45581345673767,3.8749976754857696,3.6746935881399083,89.14132181513634,181.70452177536987,0,unknown,0,111.38413923867665
IntraRun2.F52.NB02.fastq.gz,,,22406,265256,292,77,217,99,75,48,5,31,207,39,230,460,99,2261,728,3219,15296,945,90,12,11,29,34,40,3,9,25,39,445,165,380,37,182,484,1382,587,1.100823355550864,0.29028561088156346,0.8180776306662243,0.3732243568477245,0.2827457248846397,0.18095726392616945,0.018849714992309315,0.11686823295231775,0.7803782006816058,0.14702777694001268,0.8670868896462285,1.734173779292457,0.3732243568477245,8.523841119522274,2.744518502880237,12.135446512048738,57.66504810447266,3.5625961335464607,4.016781219316255,0.5355708292421673,0.49093992680532,1.294296170668571,1.5174506828528074,1.7852360974738908,0.13389270731054181,0.4016781219316255,1.1157725609211817,1.7406051950370436,19.860751584397036,7.3640989020798004,16.95974292600196,1.6513433901633492,8.122824243506203,21.60135677943408,61.67990716772293,26.19833973042935,93.35715725081512,154.96785266666217,3.0540522046190897,2.411520001357409,91.71517326658021,176.47058823529412,0,unknown,0,106.62152788249841
IntraRun3.F52.NB15.fastq.gz,,,35232,388188,472,130,330,179,123,57,5,35,264,67,313,708,179,3374,1211,4519,21977,1456,160,28,7,45,40,67,10,15,57,63,734,218,575,52,246,698,1415,1024,1.2159056951786247,0.3348892804517399,0.8501035580698012,0.4611167784681649,0.3168567807351077,0.1468360691211475,0.012880356940451533,0.09016249858316074,0.680082846455841,0.17259678300205056,0.806310344472266,1.8238585427679372,0.4611167784681649,8.691664863416696,3.119622450977362,11.641266602780096,56.614320896060676,3.7507599410594867,4.541326067211626,0.7947320617620346,0.19868301544050865,1.2772479564032697,1.1353315168029066,1.9016802906448684,0.28383287920072664,0.4257493188010899,1.6178474114441417,1.7881471389645776,20.833333333333332,6.187556766575841,16.320390554041783,1.4759309718437783,6.982288828337874,19.81153496821072,40.16235240690281,29.064486830154404,90.42144815699149,134.73802189276023,2.378047758739285,3.0657855588777476,91.19035106700878,154.80245231607628,0,unknown,0,105.2402444176533
IntraRun4.F52.NB19.fastq.gz,,,22511,213116,282,77,208,115,58,30,5,24,158,39,168,421,115,1759,544,2580,11840,854,98,17,5,22,26,33,5,10,35,32,418,128,366,33,179,536,1552,590,1.3232230334653428,0.3613055800596858,0.9759942941872033,0.539612229959271,0.27215225510989316,0.140768407815462,0.023461401302576998,0.11261472625236961,0.7413802811614333,0.1829989301601006,0.7883030837665872,1.9754499896769833,0.539612229959271,8.253720978246589,2.5526004617203775,12.106083072129733,55.556598284502336,4.007207342480151,4.353427213362356,0.7551863533383679,0.22211363333481407,0.977299986673182,1.1549908933410333,1.465949980009773,0.22211363333481407,0.44422726666962814,1.5547954333436986,1.4215272533428103,18.568699746790458,5.686109013371241,16.25871796010839,1.465949980009773,7.951668073386344,23.81058149349207,68.94407178712629,26.209408733508063,94.71556931207738,158.63565595763063,2.3999989194724867,3.032082105961443,90.45308658195536,181.46683843454312,0,unknown,0,109.62105144616078
IntraRun5.F52.NB20.fastq.gz,,,28303,216199,343,67,205,128,56,26,1,27,147,50,221,299,128,1585,610,2729,13042,883,140,22,10,42,27,53,3,8,48,54,675,192,499,54,203,624,1168,877,1.5865013251680167,0.30989967576168254,0.9482005004648495,0.5920471417536621,0.2590206245172272,0.12025957566871262,0.004625368294950485,0.12488494396366312,0.6799291393577214,0.23126841474752427,1.0222063931840573,1.3829851201901953,0.5920471417536621,7.331208747496519,2.821474659919796,12.622630076919874,60.324053302744225,4.084200204441279,4.946472105430519,0.777302759424796,0.35331943610218,1.483941631629156,0.9539624774758859,1.8725930113415539,0.10599583083065399,0.282655548881744,1.6959332932904638,1.9079249549517718,23.849061936897147,6.783733173161855,17.630639861498782,1.9079249549517718,7.172384552874254,22.04713281277603,41.26771013673462,30.986114546161183,96.44778910473578,140.76539433912907,2.9152528388067607,3.51428137266218,95.03744235634761,166.02480302441438,0,unknown,0,116.77204797431996
IntraRun6.F52.NB50.fastq.gz,,,45836,529673,723,174,460,262,178,79,9,60,337,96,458,1002,262,4586,1513,6290,29452,1936,184,37,21,52,41,90,6,8,68,79,997,311,742,79,272,1030,2019,1152,1.3649931183956894,0.3285045679126556,0.8684603519529974,0.49464480915583764,0.3360563970600729,0.14914862566149303,0.01699161558168908,0.11327743721126053,0.6362416056699134,0.18124389953801684,0.8646844373792887,1.891733201428051,0.49464480915583764,8.658172117514013,2.8564793750106197,11.875251334313813,55.60411801243409,3.6550853073500065,4.014311894580679,0.8072257614102453,0.4581551618814905,1.1344794484684528,0.8944934112924339,1.963522122349245,0.13090147482328301,0.17453529976437734,1.4835500479972075,1.7235360851732262,21.751461733135528,6.78505977834017,16.188149053146,1.7235360851732262,5.93420019198883,22.471419844663583,44.04834627803473,25.13308316607034,90.7470609205166,134.71117520736627,2.951217862536318,3.342360171532169,90.38973102272534,156.81996683829306,0,unknown,0,103.96036800063435
IntraRun7.F52.NB65.fastq.gz,,,24083,224928,295,83,210,119,60,29,7,29,156,55,188,368,119,2162,716,2803,12800,854,107,16,9,34,26,52,2,6,40,38,620,159,426,40,210,607,1388,658,1.3115308009674207,0.36900697111964714,0.9336320956039266,0.5290581875088918,0.26675202731540765,0.12893014653578033,0.03112106985346422,0.12893014653578033,0.6935552710200598,0.2445226917057903,0.8358230189216105,1.6360791008678333,0.5290581875088918,9.611964717598521,3.183240859297197,12.461765542751458,56.90709916062029,3.796770522122635,4.442968068762197,0.6643690570111697,0.37370759456878294,1.4117842461487355,1.0795997176431507,2.1591994352863013,0.08304613212639621,0.24913839637918864,1.6609226425279242,1.577876510401528,25.744300959182823,6.602167504048499,17.688826142922395,1.6609226425279242,8.719843873271602,25.204501100361252,57.63401569571897,27.322177469584354,97.60385846135438,154.5300482857906,2.749998620245484,3.0624964122854528,93.59884051785461,184.2793671884732,0,unknown,0,113.32959880495092
IntraRun8.F52.NB66.fastq.gz,,,35402,325871,402,106,298,144,116,48,2,36,227,60,245,695,144,2967,788,3893,18428,1224,152,22,15,57,39,50,11,7,44,70,737,240,632,43,327,755,2378,1001,1.2336169834075448,0.32528209015223813,0.9144722911827072,0.44189265077285184,0.35596907978924175,0.1472975502576173,0.00613739792740072,0.11047316269321296,0.6965946647599817,0.1841219378220216,0.7518312461065882,2.13274577977175,0.44189265077285184,9.104829825298967,2.4181347833958835,11.946445065685502,56.549984503070235,3.7560875315692406,4.293542737698435,0.6214338172984578,0.4237048754307666,1.610078526636913,1.1016326761199933,1.412349584769222,0.3107169086492289,0.19772894186769108,1.2428676345969156,1.977289418676911,20.818032879498332,6.779278006892266,17.852098751482966,1.2146206429015312,9.236766284390713,21.326478730015253,67.1713462516242,28.275238687079824,93.91255279787713,162.65242887269,3.048385356146155,3.041505693816974,91.51780919443584,185.86520535562963,0,unknown,0,111.7098483755842
IntraRun9.F52.NB67.fastq.gz,,,24170,184278,232,49,186,93,68,29,6,27,108,34,180,307,93,1925,537,2176,10324,717,96,15,10,22,27,45,3,7,41,45,537,169,423,34,116,542,995,740,1.2589674296443418,0.26590260367488255,1.0093445772148602,0.5046722886074301,0.36900769489575536,0.15737092870554273,0.032559502490801945,0.14651776120860874,0.586071044834435,0.18450384744787768,0.9767850747240583,1.665961210779366,0.5046722886074301,10.446173715798956,2.9140754729267737,11.808246236664171,56.0240506191732,3.890860547650832,3.971865949524204,0.6206040546131568,0.41373603640877116,0.9102192800992966,1.1170872983036821,1.8618121638394705,0.12412081092263137,0.2896152254861399,1.696317749275962,1.8618121638394705,22.217625155151016,6.992139015308234,17.501034340091024,1.406702523789822,4.799338022341746,22.4244931733554,41.16673562267274,30.61646669424907,90.06278371047597,140.4570592586942,2.3725478952062224,3.3120524089475616,92.74574284504932,159.99172527927183,0,unknown,0,113.73034220037118
JH100.F49.NB67.fastq.gz,22,7188,101524,989876,1189,394,1279,429,155,103,81,83,676,484,1489,912,429,4935,3567,14237,62118,3948,516,103,110,143,91,162,127,44,125,227,1930,683,1569,347,461,2068,3246,2728,1.2011605494021473,0.3980296521988613,1.2920810283308213,0.4333876162266789,0.15658526926604946,0.10405343699614901,0.08182843103580652,0.08384888612311037,0.6829138195087062,0.4889501311275352,1.504228812497727,0.9213275198105622,0.4333876162266789,4.985472927922285,3.6034816482064422,14.38260953897256,62.75331455657072,3.9883783423378283,5.082542059020527,1.0145384342618495,1.0834876482408102,1.408533942713053,0.8963397817264883,1.5956818092273748,1.2509357393325715,0.43339505929632405,1.2312359639100114,2.2359245104605807,19.010283282770576,6.727473306804303,15.454473818998462,3.4179110358141918,4.540798234900122,20.36956778692723,31.972735510815177,26.87049367637209,94.82523370690605,128.25587439467577,2.462836993118031,3.4071388420893225,97.49503978276067,144.59635160159175,8.880307358983872,medium,681603.7798852407,112.32518012357104
JH101.F47.NB69.fastq.gz,36,6863,87536,850068,859,360,1036,185,343,113,66,66,619,407,753,675,185,3727,2678,11269,49293,4279,350,118,73,167,165,75,164,32,84,206,1868,703,1399,364,507,2053,3266,2211,1.0105073947025414,0.4234955321221361,1.2187260313292585,0.21762964845165328,0.40349713199414633,0.13293054202722607,0.07764084755572495,0.07764084755572495,0.7281770399544506,0.4787852265936372,0.8858114880221346,0.7940541227290052,0.21762964845165328,4.3843551339422255,3.1503362083974458,13.256586531900977,57.98712573582348,5.033714949862834,3.9983549625297017,1.3480168159385852,0.8339426064704807,1.9077865106927436,1.8849387680497167,0.8567903491135076,1.8735148967282031,0.3655638822884299,0.9596051910071285,2.3533174922317674,21.339791628587097,8.030981539023944,15.981995978797295,4.15828916103089,5.791902760007312,23.45320782306708,37.310363736062875,25.2581794918662,94.09533301825623,132.7500630080659,1.9321422530999846,3.002659717090626,90.47864406141626,157.70654359349297,8.834045641167798,medium,645776.2705042924,106.71852134182207
JH102.F47.NB01.fastq.gz,27,6677,155362,1560666,1535,541,2131,806,493,308,165,106,1210,790,1171,1399,806,10278,4599,21891,94984,6423,753,163,138,246,126,339,206,56,85,396,3508,906,2446,620,616,3931,8501,3667,0.9835544568793068,0.346646880242153,1.3654427020259299,0.5164461838727825,0.3158907799618881,0.19735164346503353,0.10572409471341081,0.0679197214522518,0.7753100278983459,0.5061941504460276,0.7503206964206306,0.8964121727518892,0.5164461838727825,6.585649972511735,2.946818858102887,14.026703984068341,60.861196437930985,4.115550668752956,4.846745021305082,1.0491626008933972,0.8882480915539192,1.5833987719004647,0.8110091270709697,2.1820007466433236,1.3259355569573,0.36044850092043096,0.5471093317542256,2.5488858279373336,22.57952395051557,5.8315418184626875,15.743875593774542,3.9906798316190573,3.9649335101247405,25.30219744853954,54.71736975579614,23.60294022991465,96.47032318199929,148.70573819853786,3.0374626169848207,2.8406452172191705,95.87957961536934,171.87600571568336,8.8065738205036,medium,644132.3478862093,112.98958265253424
JH103.F48.NB15.fastq.gz,46,5247,39674,922104,1293,357,1089,290,390,209,71,222,679,473,1047,937,290,5378,3807,15427,89419,5756,327,49,59,141,75,71,43,25,64,143,1478,460,882,293,273,1706,2471,1687,1.4022279482574636,0.3871580646000885,1.180994768485984,0.3144981477143576,0.4229457848572395,0.22665556162862321,0.07699782237144617,0.24075375445719788,0.7363594562001683,0.5129573236858316,1.1354467608859737,1.0161543600288037,0.3144981477143576,5.832313925544191,4.128601546029515,16.730216982032395,96.97279265679359,6.242245993944284,8.242173715783638,1.235065786157181,1.4871200282300752,3.5539648132278066,1.8904068155467055,1.789585118717548,1.0838332409134446,0.6301356051822352,1.6131471492665221,3.6043756616423854,37.25361697837375,11.594495135353128,22.23118415082926,7.385189292735797,6.881080808590009,43.00045369763573,62.28260321621213,42.52155063769723,154.48247644746823,204.4177074314841,3.295453554971028,2.817898561321466,137.8738190052315,258.2799818520946,8.565602330623925,medium,810569.5539198657,148.98644838326263
JH104.F48.NB70.fastq.gz,29,5680,52509,804954,912,346,1089,348,261,319,44,60,698,404,662,901,348,4412,3371,13387,78656,4852,398,64,57,198,71,143,46,33,74,130,1909,842,1239,328,469,2540,3297,2132,1.132983996601048,0.42983822678066075,1.3528723380466463,0.43232284080829464,0.324242130606221,0.39629593740760344,0.0546615086079453,0.07453842082901631,0.8671302956442231,0.5018920335820432,0.8224072431468133,1.1193186194490616,0.43232284080829464,5.481058544960334,4.1878169435769,16.630763993967356,97.71490047878513,6.027673631039787,7.579653011864633,1.218838675274715,1.085528195166543,3.770782151631149,1.3521491553828866,2.723342665066941,0.8760402978537013,0.6284636919385248,1.4092822182863889,2.4757660591517645,36.35567236092861,16.035346321582967,23.595954979146434,6.246548210782913,8.931802167247518,48.37265992496524,62.789236130948986,40.60256337008894,162.4004848007622,205.27651245026541,3.392155698570565,2.9264309780020934,137.98304002464738,266.04962958730886,8.644882552557126,medium,922434.7536683293,155.33806900767
JH105.F50.NB19.fastq.gz,25,6427,126211,1732330,2173,759,2253,595,1066,101,229,134,1085,768,1271,2243,595,13128,8257,26104,115147,5860,712,129,148,233,228,200,68,59,201,278,3438,792,2468,553,1072,4086,8036,4474,1.2543799391570891,0.4381382300139119,1.3005605167606635,0.3434680459265844,0.6153561965676285,0.05830297922451265,0.13219190339023165,0.07735246748598708,0.6263240837484775,0.44333354499431404,0.7336939266767879,1.2947879445602166,0.3434680459265844,7.578232784746555,4.76641286590892,15.068722472046318,66.46943711648473,3.3827273094618233,5.641346633811633,1.0220979153956469,1.1726394688260136,1.8461148394355484,1.8064986411643993,1.5846479308459642,0.5387802964876278,0.46747113959955944,1.5925711705001941,2.2026606238758903,27.240097931242126,6.275205806150019,19.5545554666392,4.381551528789092,8.493712909334368,32.37435722718305,63.67115386139084,35.44857421302422,114.567664536008,178.43316550952662,3.015242742204873,3.580796821048511,104.92689037308133,215.3140376036954,8.768418726857403,medium,736326.3799729234,120.61385532779552
JH106.F50.NB65.fastq.gz,38,5602,109066,1458935,1599,608,1804,672,982,233,257,231,876,783,1551,1688,672,10278,5849,23572,99843,7696,612,142,121,274,168,310,96,51,91,234,3069,962,1930,523,704,3325,5946,3666,1.096004962524033,0.41674234972771235,1.2365184192578833,0.4606099654885242,0.6730937293299564,0.15970553862920556,0.17615589453950997,0.1583346756366802,0.6004379907261118,0.5366928615736821,1.063104250703424,1.1570083656914119,0.4606099654885242,7.044864918587874,4.009088821640443,16.156991229904005,68.43553688135523,5.275080795237622,5.611281242550382,1.3019639484348926,1.1094199842297323,2.512240294867328,1.5403517136412814,2.842315662076174,0.8802009792235894,0.46760677021253183,0.8343571782223608,2.1454898868574994,28.138925054554125,8.820347312636384,17.695707186474245,4.795261584728514,6.454807180972989,30.48612766581703,54.51744815066107,33.61267489410081,111.9255207184933,172.81866253325535,3.6764689034548006,2.9406126904964993,109.11658161604184,203.76652669026095,8.631057447565285,medium,627006.7670649994,124.34961118898374
JH109.F53.NB68.fastq.gz,29,5699,134177,1466082,1635,611,2081,661,525,243,206,163,1033,1124,1497,1807,661,8678,7451,21149,115194,5113,685,142,151,250,158,267,208,48,139,382,3392,888,1929,883,1055,3913,5813,4341,1.1152172934392484,0.4167570436032909,1.4194294725670187,0.4508615479898123,0.35809729605847423,0.16574789131849377,0.14051055807246798,0.11118068430005962,0.7045990606255311,0.766669258609,1.0210888613324494,1.2325367885288818,0.4508615479898123,5.919177781324646,5.0822532436794114,14.425523265410801,78.57268556601882,3.4875266185656737,5.105196866825164,1.0583035840717858,1.1253791633439412,1.8632105353376511,1.1775490583333954,1.9899088517406112,1.5501911654009257,0.357736422784829,1.035945057647734,2.846985697995931,25.280040543461247,6.618123821519336,14.376532490665316,6.580859610812583,7.862748459124886,29.162971299104914,43.32337136767106,32.35278773560297,123.17708011621036,151.05144485120655,2.4759485260371,3.0863020508046484,115.84072377943389,183.66784173144427,8.648221453822641,medium,701986.1795822829,132.65015190146255
JH110.F53.NB19.fastq.gz,31,5774,91418,1033379,1023,386,1292,387,462,232,178,182,868,814,841,1230,387,5783,4201,15472,80737,3690,470,160,150,290,136,142,78,54,44,182,2927,557,1605,500,701,2876,4240,3327,0.9899562503205502,0.3735318793975879,1.2502673268955533,0.3744995785670117,0.4470770162737969,0.2245062073063223,0.17225045215743692,0.17612124883513214,0.8399628790598609,0.7877071239109755,0.8138350014854182,1.1902699783912776,0.3744995785670117,5.596204296777852,4.065304210749396,14.972241549325078,78.12912784176957,3.5708099351738327,5.1412194534993105,1.7502023671487017,1.6408147192019076,3.1722417904570217,1.4876720120763962,1.5533046008444726,0.853223653984992,0.5906932989126868,0.4813056509658929,1.9908551926316482,32.017764554026556,6.092891990636417,17.55671749546041,5.469382397339692,7.668074121070249,31.45988754949791,46.38036272944059,36.39327047189831,123.36083712977329,160.669454720257,4.431815879842363,2.199509549733731,114.34817235496367,201.69988404909316,8.661293535389994,medium,712285.473587311,132.19157733996917
JH111.F54.NB88.fastq.gz,31,5767,200774,1786290,1511,695,2279,455,637,430,369,168,1385,955,1182,1714,455,7247,7537,26002,101404,6242,798,202,259,302,173,202,188,113,102,511,3888,1135,2679,639,919,4056,6288,4855,0.8458872859390133,0.38907456236109483,1.2758286728358776,0.25471787895582465,0.3566050305381545,0.24072239110110902,0.20657340073560285,0.0940496783836891,0.7753500271512465,0.5346276360501374,0.6617066657709555,0.9595306473193043,0.25471787895582465,4.05701201932497,4.219359678439671,14.556427007932642,56.76793801678339,3.494393407565401,3.9746182274597306,1.0061063683544682,1.2900076703158776,1.504178827935888,0.8616653550758565,1.0061063683544682,0.9363762240130694,0.5628218793270044,0.5080339087730483,2.5451502684610556,19.365057228525608,5.653122416249116,13.343361192186238,3.182683016725273,4.577285903553249,20.20181896062239,31.318796258479686,24.181417912677936,87.27931394048326,119.318758704225,3.1240679225022006,2.3335045950489475,89.9445218861439,136.01860798708995,8.660080678964786,medium,503339.803494767,105.23263299912108
JH112.F54.NB65.fastq.gz,62,4877,283947,2682725,2774,892,3463,1548,1197,525,398,224,2145,1673,2925,2766,1548,17492,14785,42078,164742,15668,1161,301,257,446,311,395,209,81,234,692,5954,2109,4604,1103,1265,6148,12203,8171,1.0340232412938337,0.3324977401709083,1.2908516527038738,0.5770252262158813,0.446188110969257,0.19569653989879693,0.14835661500899272,0.08349719035682002,0.7995601487293703,0.6236196404774995,1.0903092937218686,1.03104119878109,0.5770252262158813,6.520235954113821,5.511187318864215,15.684798106403004,61.408455954300194,5.840330261208286,4.08879121807943,1.0600569824650374,0.9050984866894174,1.5707156617256037,1.095274822414042,1.3911046779856804,0.7360528549341955,0.285264503586937,0.8240974548067069,2.4370745244711163,20.968701905637317,7.427442445245063,16.214293512521703,3.8845277463752037,4.455056753549078,21.651928000648006,42.97633008977027,28.776497022331633,93.6262945809907,149.34801159604203,3.2805325734782773,2.5764340759435833,103.19469941943359,160.74830866323643,8.492490578775866,short,456615.43867149163,120.20874297589205
JH113.F38.NB67.fastq.gz,52,5459,130111,924423,1194,347,1224,279,451,138,139,70,766,431,871,730,279,6992,3583,14821,65407,5472,650,80,93,190,119,169,61,36,113,258,2670,925,1669,477,470,3118,5531,3815,1.2916165002385271,0.3753692844076792,1.3240691761239174,0.3018098857341282,0.4878718941436983,0.1492823090727946,0.15036406493564092,0.07572291039924364,0.8286249909402947,0.4662367768867715,0.9422093565391602,0.7896817798778265,0.3018098857341282,7.563636993021594,3.875931256578428,16.03270364324557,70.75440572119041,5.91936808149516,4.9957344113872,0.61485961986304,0.714774308090784,1.4602915971747201,0.914603684546272,1.298890946960672,0.468830460145568,0.27668682893836805,0.868489213056544,1.9829222740583041,20.52093981292896,7.1093143546664,12.827508819392673,3.666100483433376,3.61230026669536,23.964153684161985,42.50985696828093,29.32111812221872,104.02741280057032,144.20973775306558,3.9190451909005297,2.8358947471114564,111.63071451056497,157.12737585599987,8.605204068738951,medium,567885.6464783134,133.7461313705955
JH114.F55.NB65.fastq.gz,46,4882,226600,1784525,1764,880,2586,1439,794,220,428,246,1136,1511,1441,2718,1439,16052,6334,29495,110273,8839,1093,262,300,333,159,483,252,120,176,595,4975,1946,3603,1076,1643,4836,11042,7144,0.9884983398943695,0.493128423530071,1.4491251173281405,0.8063770471133774,0.4449363275941777,0.12328210588251776,0.23983973326235275,0.13785180930499713,0.6365839649206372,0.8467239181294742,0.8074977935304913,1.5230943808576511,0.8063770471133774,8.99511074375534,3.5494039029993973,16.528207786385735,61.79403482719491,4.953138790434429,4.823477493380405,1.1562224183583407,1.323918799646955,1.46954986760812,0.7016769638128861,2.1315092674315976,1.112091791703442,0.529567519858782,0.7766990291262137,2.6257722859664607,21.954986760812,8.587819947043247,15.90026478375993,4.7484554280670785,7.250661959399824,21.341571050308914,48.72903795233893,31.526919682259486,98.0648494863157,161.79357881298637,3.020071743890041,2.8894999135995394,105.12321205923145,176.6902030008826,8.49351506406166,short,478752.5951921932,127.55943458343258
JH115.F55.NB67.fastq.gz,59,4972,251591,1809652,1798,886,2541,1149,1031,308,381,124,1417,1301,1847,2537,1149,14000,6573,28224,109511,9009,1278,365,302,368,133,421,269,182,230,632,4126,1800,3562,976,1272,4581,10363,6521,0.9935611929807499,0.48959689487260527,1.4041373700578896,0.6349287045244059,0.5697227975323432,0.17019846909792602,0.21053771664386303,0.0685214615848793,0.783023476336887,0.7189227542090966,1.0206382221554198,1.4019270003293451,0.6349287045244059,7.7362940499057276,3.632190056430739,15.596368804609947,60.51494983565901,4.9783052211143355,5.079672961274449,1.4507673167959108,1.200360903211959,1.4626914317284798,0.5286357620105647,1.6733507955372013,1.0691956389536987,0.7233963059091939,0.9141821448302999,2.5120135457945634,16.399632737260077,7.154468959541478,14.15789912993708,3.8793120580624905,5.055824731409311,18.20812350203306,41.1898676820713,25.919051158427767,91.40982332155957,142.32774343853882,2.856092924277129,2.7185198129163286,101.55875273256957,148.57844676478888,8.511778558714738,short,454489.6415547942,122.21521043825001
JH116.F56.NB69.fastq.gz,60,4568,183748,1434933,1477,560,1892,1277,1116,299,176,262,949,1407,2252,1674,1277,16224,7039,25457,102707,9897,830,219,190,349,253,334,112,85,133,345,3659,1646,2923,868,800,4503,10209,6225,1.0293163513557775,0.3902621237367877,1.3185284609107184,0.889937021449782,0.7777366608754555,0.20837209820946345,0.12265381031727614,0.18258692217685424,0.6613549204039492,0.9805335858886791,1.5694112547415107,1.1666049913131833,0.889937021449782,11.306451241974365,4.905455516041515,17.74089800708465,71.57616418327547,6.897186140398192,4.5170559679561135,1.1918497072076977,1.034024860134532,1.8993404009839563,1.376885734810719,1.817706859394388,0.6095304438687768,0.46259006900755384,0.7238174020941724,1.8775714565600714,19.9131419117487,8.95792063042863,15.90765613775388,4.7238609399830205,4.353788884776978,24.50638918518841,55.559788405860196,33.87791975967085,107.02692911697761,178.98415804030574,3.7545433639702,2.832729585596854,122.61339031160341,183.31083875742866,8.427049641563272,short,488899.0122063537,146.08696015772165
JH117.F56.NB70.fastq.gz,57,4879,261150,2057696,1877,742,2804,1146,1553,746,567,430,1471,1476,3298,2040,1146,19209,9880,32854,142073,10383,1102,235,323,457,530,280,283,90,150,607,5419,1464,3900,1029,1361,6021,12841,7637,0.9121852790694057,0.36059748378769263,1.3626891435858357,0.5569335800818002,0.7547276176850225,0.3625414055331788,0.2755509074226708,0.20897158763976798,0.7148772219025551,0.7173071240844128,1.6027634791533834,0.991400090197969,0.5569335800818002,9.33519820226117,4.801486711350948,15.966401256551014,69.04469853661571,5.045934870845839,4.219797051502968,0.8998659774076201,1.2368370668198354,1.7499521347884357,2.0294849703235687,1.0721807390388667,1.083668389814283,0.3446295232624928,0.5743825387708213,2.3243346735592567,20.750526517327206,5.6059735784032165,14.933946008041357,3.9402642159678347,5.211564235113919,23.05571510626077,49.17097453570745,29.243729657285083,103.4984639065607,156.77003457335726,3.1739945910350147,2.197323937834409,113.57119807785018,167.447826919395,8.492900498847193,short,504969.0054001097,134.82263657994184
JH118.F57.NB72.fastq.gz,21,6062,100978,1166844,1135,424,1461,745,367,499,145,145,827,713,1505,1202,745,5215,4240,16933,74650,6201,496,130,123,268,88,162,110,41,82,319,2478,1006,1913,540,659,2997,3852,2822,0.972709291044904,0.3633733386810919,1.252095395785555,0.6384743804655978,0.3145236209810395,0.42764928302326616,0.1242668257282036,0.1242668257282036,0.708749412946375,0.6110499775462701,1.2898039497996303,1.0301291346572463,0.6384743804655978,4.469320663259184,3.6337333868109187,14.511794207280493,63.97598993524413,5.314335078210969,4.911961021212542,1.2874091386242548,1.2180871080829487,2.6540434550100023,0.8714769553764187,1.6043098496702253,1.0893461942205234,0.40602903602764956,0.8120580720552991,3.1591039632395175,24.539998811622333,9.962566103507694,18.94472063221692,5.3476994989007505,6.526174018102953,29.679732218899165,38.14692309215869,27.946681455366516,106.74611101518411,148.22294988514662,3.214590881532369,2.70366772179189,100.40073908765868,179.1083206242944,8.70996000607173,medium,647094.9249740461,115.90066881262621
JH119.F57.NB01.fastq.gz,33,5926,128191,1484431,1647,598,1682,1044,689,457,152,82,1188,815,1783,1752,1044,6344,6859,22512,100236,6827,593,118,128,238,192,176,79,46,146,290,3234,966,1856,570,1455,3593,4057,3936,1.1095160367844648,0.4028479599253856,1.1330940946396295,0.7032997828797701,0.4641509103488138,0.30786206970886487,0.10239613697100101,0.055240021260671596,0.8003066494838763,0.5490319186274067,1.2011336330216764,1.180250210349959,0.7032997828797701,4.273691400947568,4.6206256808164206,15.16540681244194,67.52486306200828,4.599068599348842,4.625909775257234,0.9205014392586063,0.9985100358059459,1.8566045978266805,1.4977650537089187,1.3729512992331754,0.6162679127239822,0.35883954411776176,1.1389255095911568,2.2622492998728463,25.227980123409598,7.535630426472998,14.478395519186215,4.4464900031983525,11.3502507976379,28.02848873945909,31.648087619255644,30.704183601032835,113.54664365011737,135.1894922859663,3.09593949493882,2.7616004926825726,104.89608476244435,169.06803129704895,8.687273461787838,medium,672877.4102705956,119.49629184515818
JH120.F58.NB15.fastq.gz,58,4998,115772,1574071,1664,588,1660,807,634,408,178,189,1355,842,2607,1885,807,9127,5725,30628,112873,8114,652,166,124,296,85,182,58,48,103,301,2695,770,1752,519,682,3108,4704,4098,1.057131476280295,0.3735536707048157,1.0545902948469288,0.5126833541816094,0.4027772571885258,0.2592005062033415,0.11308257378479115,0.12007082272654791,0.8608252105527641,0.5349186917235627,1.6562149991963513,1.1975317504737717,0.5126833541816094,5.798340735583084,3.637065926505221,19.457826235284177,71.70769298208276,5.15478653758312,5.631758974536157,1.4338527450506167,1.071070725218533,2.5567494731023044,0.7342017068030267,1.5720554192723628,0.50098469405383,0.41460802266523855,0.889679715302491,2.5999378087966,23.278512939225372,6.651003696921535,15.133192827281206,4.482949245067892,5.890888988701931,26.845869467574197,40.63158622119338,35.39715993504474,110.44521441686787,156.40331162880145,4.507174536820045,2.2717749268669976,114.41097637908328,175.7160626058114,8.51699317141357,short,552005.1816555057,127.3347898538249
JH121.F58.NB19.fastq.gz,22,5046,154170,1457988,1364,509,1714,616,792,576,204,305,1225,799,1585,2046,616,12339,4292,22951,105107,9473,813,228,196,441,219,253,131,34,96,313,3566,1443,2592,784,1031,4375,7174,4289,0.935535820596603,0.3491112409704332,1.1755926660576081,0.4225000480113691,0.5432143474431887,0.3950649799586828,0.13991884706870014,0.20919239390173305,0.8401989591135182,0.548015484352409,1.0871145715876949,1.4033037308949046,0.4225000480113691,8.463032617552408,2.9437828020532404,15.741556171930085,72.09044244534249,6.497309991577435,5.273399494064994,1.4788869429850164,1.2713238632678212,2.8604786923525976,1.4205098268145553,1.6410455990140753,0.8497113575922682,0.22053577219952,0.6226892391515859,2.0302263734838166,23.130310695984953,9.359797625997276,16.812609457092822,5.085295453071285,6.687422974638386,28.377764805085295,46.533047934098725,27.81993902834533,113.13461010054046,159.4174615051388,4.7394608019821005,2.0686257116312206,114.20738716642387,181.47499513524033,8.526549286340263,medium,570877.2425673271,133.3968455158753
JH122.F38.NB69.fastq.gz,0,7736,126853,1081831,1432,379,1348,349,528,136,145,75,710,378,817,720,349,5886,3342,14360,69665,4873,632,82,86,299,196,212,44,36,94,232,2791,867,1956,451,771,3701,4873,3405,1.323681795030832,0.35033198346137245,1.2460356562161743,0.3226012195989947,0.4880614439778487,0.12571279617611253,0.13403202533482586,0.0693269096559444,0.6562947447429405,0.3494076246659598,0.7552011358520878,0.6655383326970663,0.3226012195989947,5.440775869798517,3.089207094268883,13.273792302124823,64.39545548241823,4.5044004100455615,4.982144687157576,0.6464175068780399,0.6779500681891638,2.3570589580065113,1.5450955042450711,1.6712257494895666,0.3468581744223629,0.2837930518001151,0.7410151908114117,1.8288885560451862,22.001844654836702,6.834682664186105,15.419422481139588,3.5552962878292194,6.077901192719132,29.175502353117388,38.4145428172767,26.84209281609422,104.92871443229308,133.98363167277944,4.597697797518628,3.396770242224357,97.51245804566517,163.40173271424405,8.953769294549454,medium,811728.5348482192,116.67256715697738
JH123.F39.NB70.fastq.gz,0,8013,166461,1460224,1995,494,1882,423,550,86,93,53,940,500,1123,1090,423,6885,4388,18505,92429,5187,789,114,128,344,310,140,64,46,128,255,4435,1282,2767,559,944,5231,6546,5175,1.3662287429873772,0.33830426016830295,1.288843355539972,0.2896815830995792,0.3766545406732118,0.05889507363253857,0.06368885869565218,0.036295801192145864,0.6437368513323983,0.34241321879382886,0.7690600894109397,0.746460816970547,0.2896815830995792,4.715030022791024,3.0050184081346423,12.672713227559607,63.29782279978963,3.552194731767181,4.739848973633463,0.6848450988519833,0.7689488829215252,2.066550122851599,1.8622980758255687,0.8410378406954181,0.3844744414607626,0.2763410047999231,0.7689488829215252,1.5318903526952259,26.642877310601282,7.7015036555109,16.622512180030157,3.358143949633848,5.670998011546248,31.424778176269513,39.32452646565862,31.088363039991346,105.85288207555338,137.1158510453824,4.331929743288416,4.0248564666740245,93.85272396563815,175.7588864658989,8.98894529119609,long,848199.1440714092,113.88869105014025
JH124.F39.NB72.fastq.gz,0,7671,116038,1134727,1510,363,1515,353,373,76,82,96,689,454,663,859,353,4788,3421,14574,76303,3513,524,118,88,243,148,207,30,19,99,240,3374,654,2319,465,648,3448,3958,3713,1.3307165512057084,0.3199007338328955,1.3351228974017537,0.3110880414408047,0.3287134262249862,0.06697646217988996,0.07226407761514445,0.08460184696407154,0.6071945058150551,0.40009623460092164,0.5842815055956191,0.7570102764805984,0.3110880414408047,4.2195171173330674,3.0148220673342574,12.84361789223311,67.24348675937033,3.0958988373414926,4.515762077939985,1.016908254192592,0.758372257363967,2.094141574311863,1.2754442510212172,1.7838983781175133,0.2585359968286251,0.16373946465812922,0.8531687895344628,2.068287974629001,29.07668177665937,5.636084730864027,19.98483255485272,4.007307950843689,5.584377531498302,29.714403902169977,34.109515848256606,31.998138540822833,107.87155094442159,134.87776640789443,4.9324285652084745,3.9077226825854248,96.9263972744105,174.89960185456488,8.945332616563274,medium,827482.667294658,114.81175648415874
JH125.F59.NB01.fastq.gz,0,7650,57701,1675296,1794,585,1887,660,426,500,98,103,967,860,1314,1212,660,8652,4294,22749,143984,6324,456,121,105,290,57,183,66,39,75,270,2475,680,1613,555,596,3862,5453,2593,1.0708555383645635,0.349192023379749,1.1263681164403185,0.39396023150535786,0.2542834221534582,0.2984547208373923,0.0584971252841289,0.061481672492502824,0.5772114300995168,0.5133421198403149,0.784339006360667,0.723454243309839,0.39396023150535786,5.164460489370236,2.5631291425515252,13.579092888659677,85.94540905010219,3.774855309151338,7.90280931006395,2.0970173827143377,1.8197258279752517,5.0259094296459335,0.9878511637579938,3.1715221573282957,1.1438276632987296,0.6758981646765221,1.2998041628394656,4.679294986222076,42.893537373702365,11.784891076411155,27.954454862134103,9.618550805012045,10.329110414030952,66.93124902514688,94.50442799951473,44.93856258990312,169.98912863309457,242.5081251489891,3.788887674318846,3.6523920215430263,117.63234676140813,337.75844439437793,8.942591637231851,medium,1300416.8340431734,129.26551487020802
JH126.F59.NB15.fastq.gz,0,8131,32610,1126870,1213,407,1274,382,380,435,65,75,646,547,863,826,382,5085,3949,14861,94273,3610,267,63,59,171,72,94,46,30,35,125,1264,357,797,331,392,1912,2839,1304,1.0764329514495905,0.36117742064302005,1.1305651938555468,0.3389920753946773,0.3372172477748098,0.3860250073211639,0.05768189764569116,0.06655603574502826,0.5732693212171768,0.4854153540337395,0.7658381179727919,0.7330038070052446,0.3389920753946773,4.512499223512916,3.5043971354282215,13.187856629424868,83.65916210388066,3.203563853860694,8.187672493100276,1.9319227230910763,1.8092609628948175,5.243790248390065,2.2079116835326587,2.882551364612082,1.4106102422569764,0.9199632014719411,1.0732904017172646,3.833180006133088,38.76111622201778,10.947562097516098,24.440355719104566,10.150260656240418,12.020852499233364,58.63232137381171,87.0591842992947,39.98773382398038,161.35637127072,226.100697977222,3.504503474938213,3.68192856354346,114.71864545156052,311.4995400183993,9.003562174748238,long,1311988.6548022241,123.73299493286714
JH127.F61.NB01.fastq.gz,6,7372,103240,1455580,1491,529,1566,469,534,387,233,113,688,265,1048,2314,469,7572,3223,17646,91995,5034,600,165,215,391,188,247,81,44,89,333,3225,878,2088,211,1042,4246,5111,3998,1.0243339424834086,0.36342901111584386,1.0758597947210047,0.32220832932576704,0.36686406793168364,0.26587339754599537,0.1600736476181316,0.07763228403797798,0.4726638178595474,0.1820580112395059,0.7199879086000083,1.589744294370629,0.32220832932576704,5.202050041907693,2.2142376234902925,12.12300251446159,63.20161035463527,3.458415202187444,5.81170089112747,1.5982177450600543,2.08252615265401,3.7872917473847347,1.820999612553274,2.3924835335141417,0.7845796203022084,0.42619139868268113,0.8620689655172413,3.225493994575746,31.23789228981015,8.504455637349865,20.224719101123593,2.0437814800464937,10.09298721425804,41.12746997287873,49.50600542425416,38.72530027121271,120.87048289829082,165.2880424370619,4.5794370430790625,3.468080224305403,93.14225257285756,224.2541650523053,8.90557995798965,medium,891057.1999261999,109.04793965292187
JH128.F61.NB02.fastq.gz,7,8015,43414,796435,845,283,912,282,208,143,86,53,344,109,617,1116,282,4218,1792,9611,47464,3096,208,51,49,145,72,102,26,15,24,137,1431,434,900,87,413,1910,2570,1595,1.0609779831373558,0.3553334547075405,1.1451028646405546,0.3540778594612241,0.26116381123381066,0.17955012022324482,0.10798119118321019,0.06654654805476908,0.43192476473284075,0.13685988184848732,0.7747022669772172,1.4012442948890995,0.3540778594612241,5.296100748962565,2.250026681398984,12.067525912346895,59.595572771161486,3.8873228825955666,4.791081218040264,1.1747362601925646,1.128668171557562,3.3399364260376836,1.6584511908600912,2.349472520385129,0.598885152255033,0.345510664762519,0.5528170636200304,3.1556640714976734,32.961717418344314,9.99677523379555,20.730639885751142,2.0039618556226104,9.513060303128023,43.99502464642742,59.197493895978255,36.739300686414516,118.91760705819028,172.07996408515186,4.738458373608742,4.223595520042862,89.72609189701608,234.23319666467037,8.989194823324645,long,953124.6205713951,102.49423995680752
JH129.F61.NB50.fastq.gz,12,7728,84759,1626547,1722,535,1776,597,466,456,273,106,846,225,1347,1611,597,7855,3461,18564,101433,5451,430,86,99,286,87,151,70,36,74,264,2222,771,1478,155,585,3537,4072,3015,1.0586844401053275,0.328917639637834,1.0918836037323238,0.3670351978762372,0.28649648611444983,0.28034849285019126,0.16784021611425923,0.06516872860114095,0.5201202301562758,0.13832984844581805,0.8281346926956307,0.9904417148720572,0.3670351978762372,4.829248709075114,2.1278204687598947,11.413134695769628,62.36094007735405,3.3512711283473515,5.07320756497835,1.01464151299567,1.168017555657806,3.374272938566996,1.0264396701235265,1.781521726306351,0.825870998949964,0.4247336566028386,0.8730636274613905,3.11471348175415,26.21550513809743,9.096379145577462,17.437676234972095,1.8287143548177776,6.901921919796128,41.730081761228895,48.0420958246322,35.57144374048774,116.95357463761705,152.9040726456761,3.4166650578160347,3.292240526543713,90.57285156838383,205.50030085300676,8.952734767106872,medium,903817.2247995046,101.28142623606942
JH130.F61.NB66.fastq.gz,10,7304,74985,869608,819,294,1004,360,300,200,135,77,439,133,666,1135,360,5648,2256,10492,54018,3025,373,84,86,219,119,200,70,23,40,242,1964,703,1268,147,621,3027,4914,2320,0.9418036632597676,0.3380833662983781,1.1545431964747335,0.41397963220209566,0.3449830268350797,0.2299886845567198,0.15524236207578587,0.08854564355433713,0.5048251626019999,0.15294247523021867,0.765862319573877,1.3051857848593849,0.41397963220209566,6.494880451881767,2.5942723617997996,12.065206391845521,62.11764381192445,3.478578853920387,4.974328198973128,1.1202240448089618,1.146896045875842,2.9205841168233646,1.5869840634793624,2.667200106688004,0.9335200373408016,0.3067280122691205,0.5334400213376009,3.2273121290924855,26.1919050476762,9.375208375008334,16.91004867640195,1.9603920784156832,8.281656331266253,40.368073614722945,65.53310662132427,30.93952123758085,116.69465747195554,169.65111306054982,4.082704465100795,3.2519157789677777,93.5605468210964,218.97712875908516,8.8963143241848,medium,852337.7781751632,112.4426178232031
JH131.F61.NB15.fastq.gz,11,7314,60431,912666,906,352,1169,341,271,187,146,87,478,166,651,1342,341,5639,2176,11368,57260,3079,289,68,71,174,72,152,71,33,48,211,1655,537,1097,129,549,2193,2519,1846,0.9926961232258021,0.3856832620038437,1.2808628786434468,0.3736306600662236,0.29693228409955014,0.20489423293954195,0.15997089844477608,0.09532512441572273,0.523740338743856,0.18188472014953994,0.7132948964900632,1.470417436389654,0.3736306600662236,6.178602029658166,2.3842238014783064,12.45581625698777,62.73927154073888,3.373632851448394,4.782313713160463,1.125250285449521,1.1748936803958234,2.879316906885539,1.1914414787112573,2.515265343945988,1.1748936803958234,0.5460773444093263,0.7942943191408383,3.491585444556602,27.38660621204349,8.88616769538813,18.152934752031243,2.134665982691003,9.084741275173338,36.28932170574705,41.683903956578575,30.547235690291405,115.13189022593423,145.50692302500747,2.815788354204565,3.4134977280122114,94.18450999598977,193.8409094669954,8.897682313454224,medium,842074.645112483,107.01943536846996
JH132.F62.NB15.fastq.gz,10,7618,64027,951044,1049,320,1063,331,237,255,85,43,372,201,731,1236,331,6819,2675,10671,56564,3566,258,42,44,149,71,122,26,25,72,157,1716,677,1252,114,386,2276,4038,2062,1.102998389138673,0.3364723398707105,1.1177190540080164,0.34803857655376613,0.24919982671674495,0.26812639583447245,0.08937546527815748,0.045213470670126724,0.39114909509970097,0.21134668848129,0.7686290013921544,1.2996244127506194,0.34803857655376613,7.170015267432421,2.8126984661067205,11.220301058626099,59.47569197639647,3.74956363743423,4.029550033579583,0.6559732612803972,0.6872100832461305,2.327143236447124,1.1089071797835288,1.9054461399097256,0.4060786855545317,0.39046027457166504,1.1245255907663954,2.452090524310057,26.80119324659909,10.57366423540069,19.554250550548986,1.7804988520467928,6.028706639386509,35.54750339700439,63.067143548815345,32.20516344667094,107.17781933600175,167.6706980416652,2.796746511648058,4.863990748261565,91.00420169834413,210.6455089259219,8.93840040647301,medium,816480.6277016613,105.18545934783249
JH133.F62.NB01.fastq.gz,6,7994,112541,1739387,1849,667,1931,486,421,465,216,104,773,271,1189,1747,486,9809,4488,18972,103476,5948,585,89,79,297,147,201,113,81,137,332,3509,1084,1977,226,830,4718,6553,3958,1.0630181782432546,0.38346842882003834,1.1101612234655083,0.27940878021969806,0.24203929315327755,0.2673355613213161,0.1241816800976436,0.05979117930627284,0.44440943849758563,0.15580201530769175,0.683574155722677,1.0043768293082564,0.27940878021969806,5.639343055915677,2.5802193531399285,10.907290901909697,59.489923748998926,3.4195955241702967,5.198105579299988,0.7908229000986308,0.7019663944695711,2.6390382171830713,1.3061906327471766,1.7860157631440987,1.0040785136083739,0.7197376955953829,1.2173341271181168,2.95003598688478,31.179747825237026,9.632045210190064,17.56693116286509,2.0081570272167477,7.375089967211949,41.922499355790336,58.22766813872278,35.1694049279818,115.56909684837984,162.77937287956556,2.2749236978181635,4.06861200650427,88.13334812781744,221.394869425365,8.986571625268054,medium,923859.3602059485,102.45793489315489
JH134.F62.NB02.fastq.gz,5,8029,49124,1003616,1033,347,1065,314,242,221,101,28,429,207,751,1202,314,5359,2288,10525,58369,3095,252,55,47,137,71,81,16,16,36,156,1514,461,914,112,477,2214,2995,1534,1.0292781302809044,0.3457497688358894,1.0611628351879603,0.31286866690048787,0.24112808085961163,0.2202037432643561,0.10063609986289578,0.027899116793674076,0.42745432516022064,0.20625418486751906,0.7482941682874725,1.1976692280712942,0.31286866690048787,5.339691674903548,2.2797564008545104,10.487078723336415,58.15869814749865,3.0838488027293307,5.129875417311294,1.1196156664766712,0.9567624786255191,2.7888608419509815,1.4453220421789756,1.6488885269929159,0.3257063757023044,0.3257063757023044,0.7328393453301848,3.1756371630974676,30.819965800830552,9.384414949922645,18.60597671199414,2.2799446299161303,9.71012132562495,45.06961973780637,60.9681622017751,31.227098770458433,118.2694199369413,162.20567338852032,5.205878592153237,4.381712549181323,85.58054076459523,225.71451836169695,8.990939806940807,long,949585.1726737018,96.62859101489016
JH135.F62.NB66.fastq.gz,8,7850,78701,1113549,1195,353,1199,333,339,553,94,47,569,158,940,1290,333,6246,2669,11958,65015,3836,362,80,68,219,83,141,38,31,70,233,2282,855,1632,149,611,3121,4625,2309,1.0731454116522938,0.31700446051318804,1.076737530185021,0.29904386784955134,0.3044320456486423,0.49661038714955513,0.08441478551909255,0.042207392759546276,0.5109788612804645,0.14188868204273006,0.8441478551909256,1.1584582268045682,0.29904386784955134,5.609093088853746,2.3968410909623197,10.73863835358839,58.38539660131705,3.444841672885522,4.599687424556232,1.0165055081892225,0.8640296819608392,2.7826838286679965,1.0546244647463183,1.7915909581835046,0.4828401163898807,0.3938958844233237,0.8894423196655696,2.960572292601111,28.99581962109757,10.863902618772316,20.73671236706014,1.893241509002427,7.763560818795187,39.65642113823204,58.76672469218942,29.33889023011143,111.49594637582767,161.58230365977144,3.6690626707992724,3.869008016436609,87.22292418205215,214.85114547464454,8.968396191198256,medium,875243.1790502472,102.40770724952382
JH136.F62.NB50.fastq.gz,11,7491,111000,1819962,2024,630,1965,564,611,398,177,77,868,338,1224,1912,564,10983,4477,19664,109038,5194,467,66,73,241,219,189,67,33,109,260,2936,739,1677,180,719,3684,6178,3388,1.112111131990668,0.3461610736927474,1.0796928727083313,0.3098965802582691,0.33572129527979155,0.21868588465033886,0.09725477784700999,0.04230857567355802,0.47693303486556315,0.18571816334626767,0.6725415146030521,1.0505713855564016,0.3098965802582691,6.03474138471023,2.459941471305445,10.804621195387595,59.91223992588856,2.8539057408890955,4.207207207207207,0.5945945945945946,0.6576576576576577,2.171171171171171,1.972972972972973,1.7027027027027026,0.6036036036036035,0.2972972972972973,0.9819819819819818,2.3423423423423424,26.45045045045045,6.657657657657658,15.108108108108107,1.6216216216216215,6.4774774774774775,33.189189189189186,55.65765765765766,30.52252252252252,105.36022251964452,147.70848583503243,2.8995199911640244,4.116749115573125,88.3029425889112,191.21621621621622,8.921591063563978,medium,789253.4268946571,99.96527400022639
JH137.F64.NB01.fastq.gz,0,7975,54775,1837398,1650,603,2097,848,486,345,226,100,1086,588,1252,2061,848,12246,4861,22691,119779,6940,362,121,86,179,78,167,90,15,54,169,1722,587,1064,266,514,2119,4280,1929,0.8980090323381216,0.32818148272720443,1.1412878429169946,0.46152221783195585,0.26450447861595583,0.18776552494342544,0.12300002503540333,0.054424789838674034,0.591053217648,0.3200177642514033,0.6813983687801989,1.121694918575072,0.46152221783195585,6.6648597636440226,2.645589034057945,12.349529062293525,65.18946902086537,3.7770804148039785,6.608854404381561,2.209036969420356,1.5700593336376083,3.2679141944317665,1.4240073026015518,3.0488361478776813,1.6430853491556368,0.2738475581926061,0.9858512094933821,3.0853491556366954,31.43769968051118,10.716567777270653,19.424920127795527,4.856230031948882,9.383842994066637,38.68553172067549,78.13783660429027,35.21679598356914,120.11232334683848,197.6871526946062,3.5786151193796027,3.080732535034137,97.2609091769992,251.97626654495662,8.984192311641674,medium,957895.7786910369,104.772618670533
JH138.F64.NB02.fastq.gz,0,7896,32822,977912,859,307,1017,418,221,177,117,80,538,348,626,1522,418,6710,2415,11756,63996,4237,210,86,45,87,44,88,50,20,34,65,1111,404,649,176,501,1373,2586,1133,0.8784021466144193,0.3139341781264572,1.0399708767251041,0.42744132396371043,0.22599170477507177,0.1809978811999444,0.11964266723386154,0.08180695195477711,0.5501517518958761,0.3558602410032805,0.6401393990461309,1.5563772609396345,0.42744132396371043,6.86155809520693,2.469547362134834,12.021531589754497,65.44147121622396,4.332700692904883,6.398147583937603,2.6201937724696847,1.3710316251294863,2.6506611419170065,1.3405642556821644,2.681128511364329,1.5233684723660958,0.6093473889464384,1.0358905612089453,1.980379014075925,33.849247455974655,12.308817256718054,19.773322771311925,5.362257022728658,15.264152093108281,41.831698251172995,78.78861739077449,34.51952958381573,129.92205376939603,198.06201959099886,3.278845119055245,2.9700640755628567,97.92496666366708,263.9083541527025,8.97423821949758,medium,1025864.536563151,106.78261438657057
JH139.F64.NB15.fastq.gz,0,7753,29226,1026885,1024,314,1150,379,262,185,140,58,629,326,743,1144,379,7292,2713,12903,66842,4848,209,78,47,88,41,74,42,27,20,105,727,340,500,113,209,932,1843,964,0.9971905325328542,0.3057791281399572,1.1198917113406077,0.36907735530268726,0.25514054640977324,0.18015649269392386,0.13633464311972618,0.056481495006743695,0.6125320751593412,0.3174649546930767,0.7235474274139753,1.114048798064048,0.36907735530268726,7.10108726877888,2.6419706198844075,12.56518500124162,65.09200153863382,4.721073927460232,7.151166769314993,2.6688564976390885,1.6081571203722713,3.0110175870799973,1.402860466707726,2.531992061862725,1.437076575651817,0.9238349414904538,0.6843221788818176,3.592691439129542,24.87511120235407,11.633477040990899,17.10805447204544,3.866420310682269,7.151166769314993,31.889413535892697,63.060288783959486,32.9843290221036,111.08380306524576,180.2993633790524,3.7528077564094438,3.008460593297392,98.67804087117837,217.58023677547388,8.955964118230874,medium,861232.7251648504,104.87055512545223
JH140.F64.NB19.fastq.gz,0,7521,39765,742707,668,277,853,257,170,175,86,66,497,206,531,999,257,5575,2092,8947,50194,2917,264,86,72,128,66,78,59,22,25,115,1227,399,729,184,488,1590,3391,1423,0.8994125543451186,0.3729599963377213,1.1485013605634522,0.3460314767465501,0.22889241652495534,0.23562454642274816,0.11579263424203623,0.08886411465086501,0.6691737118406047,0.27736375178906353,0.7149521951455958,1.345079553579002,0.3460314767465501,7.506324836038977,2.816723149236509,12.046473239110444,67.58250561796241,3.9275245823723224,6.639004149377593,2.162705897145731,1.8106374952847981,3.21891110272853,1.6597510373443982,1.9615239532251982,1.4837168364139317,0.5532503457814661,0.628693574751666,2.891990443857664,30.85628064881177,10.03394945303659,18.332704639758582,4.627184710172261,12.272098579152521,39.98491135420596,85.27599647931598,35.78523827486483,126.6171612498398,203.37333829023282,3.9811305819843614,2.770412854229553,100.66823121365492,260.1785489752295,8.925587339030281,medium,952287.6697600451,114.59835439816779
JH141.F65.NB20.fastq.gz,0,8136,48732,692967,631,191,740,119,156,118,83,18,328,275,510,813,119,3906,2313,8121,41375,2950,204,54,75,117,36,44,47,27,27,156,1215,609,810,189,454,1746,2628,1508,0.9105772713563561,0.2756264006799747,1.0678719188648234,0.1717253491147486,0.22511894505798977,0.17028227895412046,0.11977482333213559,0.025975262891306514,0.4733270126860298,0.3968442941727384,0.7359657819203511,1.1732160405906775,0.1717253491147486,5.636632047413513,3.3378212815328867,11.719172774461121,59.70702789598927,4.257056973853012,4.186161044077814,1.108101452844127,1.539029795616843,2.4008864811622757,0.7387343018960847,0.9028974800952146,0.9644586719198884,0.5540507264220635,0.5540507264220635,3.2011819748830335,24.93228268899286,12.496921940408766,16.621521792661905,3.8783550849544444,9.316260362800625,35.828613641960104,53.92760403841419,30.944759090535992,110.5234790061206,159.21585130294065,3.2970281121705547,3.6410197596584157,90.5757417019858,204.09587129606828,9.004176840696656,long,899219.0251937972,104.92851751959329
JH142.F65.NB50.fastq.gz,0,8079,138361,1793209,1615,602,2142,499,407,320,280,101,981,540,1590,2949,499,13365,6331,20842,107542,6189,731,207,164,323,137,233,157,51,103,387,3168,1066,2217,470,1386,3906,7211,4519,0.9006200615767599,0.33571100747319466,1.1945066079860185,0.27827208094538897,0.22696740870696053,0.17845103387279454,0.1561446546386952,0.056323607566100775,0.5470639507162858,0.30113611966034076,0.8866785745554479,1.6445378090339722,0.27827208094538897,7.453118961593434,3.530542173277069,11.62273889992745,59.971815889837714,3.4513545269960164,5.283280693258939,1.496086324903694,1.185305107653168,2.334472864463252,0.9901634131005124,1.6840005492877328,1.13471281647285,0.36860097859946084,0.7444294273675385,2.7970309552547326,22.89662549417827,7.704483199745593,16.02330136382362,3.3969109792499332,10.017273653702995,28.23049847861753,52.11728738589631,32.660937691979676,104.82097881161343,156.36205252107314,3.5434067836999805,3.2004363149403785,93.01425544930903,191.06540137755582,8.997147151515142,long,846848.6878190249,107.75654148512527
JH143.F65.NB65.fastq.gz,0,8133,81583,682423,709,244,847,154,135,129,86,22,428,201,559,1084,154,5529,2000,8176,42057,2642,465,107,110,263,76,132,75,22,67,268,2158,721,1229,336,947,2515,6001,2945,1.0389450531415267,0.3575494964267031,1.2411656699730227,0.22566648544964046,0.19782451646559393,0.18903231573378976,0.12602154382252648,0.03223806934994864,0.6271769855353644,0.29453872451543983,0.8191400348464222,1.5884575988792875,0.22566648544964046,8.102012974357546,2.930733577268058,11.980838863871822,61.62893102958136,3.8714990555711046,5.699716852775701,1.3115477489182796,1.3483201157103808,3.223710822107547,0.9315666253998995,1.617984138852457,0.9193091698025324,0.26966402314207616,0.8212495250235956,3.2849981000943824,26.451589179118198,8.837625485701679,15.064412929164163,4.1185050807153445,11.607810450706642,30.827500827378252,73.55699103979995,36.098206734246105,110.52624932950464,184.49030882027316,4.15853451667243,3.35820467963412,95.4774384802388,225.9907088486572,9.00380808646717,long,898909.9857968612,122.49440596228439
JH144.F65.NB66.fastq.gz,0,7921,49149,942024,927,255,1043,283,280,143,80,39,517,248,750,1516,283,7785,2449,10826,55230,3198,212,86,56,126,56,73,26,22,30,151,1254,290,747,148,558,1624,4540,1455,0.9840513617487452,0.2706937402868717,1.107190474977283,0.3004169745144497,0.29723234227578066,0.1518008033765594,0.08492352636450876,0.04140021910269802,0.5488182891306379,0.2632629317299771,0.7961580596672696,1.6093008246074412,0.3004169745144497,8.264120659346258,2.5997214508335245,11.492276205277149,58.629079513897736,3.394817966421238,4.313414311583145,1.7497812773403325,1.1393924596634724,2.5636330342428124,1.1393924596634724,1.4852794563470264,0.5290036419866121,0.4476184662963641,0.6103888176768602,3.072290382306863,25.514252578892755,5.900425237542982,15.198681560153817,3.011251500539177,11.353232008789599,33.0423813302407,92.3721744084315,29.60385765732772,108.88335715502267,189.78452317318238,4.538458678708903,3.4984224911981934,91.13568231807258,233.04645058902523,8.977398978181862,medium,862465.0720249346,103.2946082053111
JH145.F66.NB67.fastq.gz,0,8214,40431,706646,637,240,683,151,164,100,75,34,405,204,509,796,151,4697,1849,8431,41608,2367,179,61,29,66,34,51,18,13,30,89,826,267,546,150,222,994,1739,1087,0.9014414572501648,0.33963257416018766,0.9665377006308675,0.21368549457578476,0.2320822590094616,0.14151357256674488,0.10613517942505866,0.048114614672693255,0.5731299688953168,0.2886876880361596,0.7203040843647314,1.1264480376312893,0.21368549457578476,6.646892503460007,2.6165859567591125,11.931009303102261,58.88096727357121,3.349626262654851,4.42729588681952,1.5087432910390544,0.7172714006579111,1.6324107739111078,0.8409388835299646,1.2614083252949468,0.445202938339393,0.3215354554673394,0.7420048972323218,2.201281195122555,20.42986817046326,6.603843585367663,13.504489129628256,3.7100244861616085,5.490836239519181,24.58509559496426,43.011550542900245,26.885310776384454,94.013387663342,133.17233516433947,4.409833142721906,3.035015282720993,89.29647942534169,158.31911157280305,9.01371703047137,long,772225.9662666912,98.35476320533903
JH146.F66.NB68.fastq.gz,0,8319,141523,1317206,1110,386,1345,371,405,216,159,55,744,435,824,1531,371,9728,3414,16203,76534,4762,687,185,127,391,94,263,100,48,105,317,3301,1170,1889,486,1195,4269,10611,3967,0.8426927906492986,0.2930445199915579,1.0211007238047807,0.28165677957737817,0.3074689911828522,0.16398346196418784,0.12071004839030493,0.041755048185325605,0.5648319245433137,0.33024447201121165,0.6255665400856054,1.1623087049406091,0.28165677957737817,7.385329249942681,2.5918497182673024,12.301037195396923,58.103288323921994,3.615227990154919,4.85433463112003,1.3072080156582324,0.8973806377761918,2.762801806066858,0.6642029917398585,1.8583551790168382,0.7065989273828283,0.33916748514375755,0.7419288737519696,2.2399185998035653,23.32483059290716,8.26720745037909,13.347653738261625,3.4340707870805454,8.443857182224797,30.164708209972936,74.97721218459189,28.030779449276796,102.10035252136191,170.97078689047353,3.9486143920167804,2.9655491584142535,90.03375326258762,206.36221674215497,9.026417533815254,long,849372.8326252097,112.20568384899553
