Column,Spearman_r,p_value
Telomere_Length,-0.7881989693305862,5.979419342667565e-32
c_strand,-0.17684187634108942,0.033351386899643294
g_strand,-0.41921402112879175,1.5366711674048117e-07
g_strand_mutations_G>A_g1,-0.40886160505451236,3.2958498150090377e-07
g_strand_mutations_G>A_g2,-0.35198418581065843,1.4149432729535415e-05
g_strand_mutations_G>A_g3,-0.24389446361528416,0.0031141879501835655
g_strand_mutations_G>C_g1,-0.1090237454327771,0.19177306652840173
g_strand_mutations_G>C_g2,-0.22872606992588237,0.005654531235736737
g_strand_mutations_G>C_g3,-0.03503982745619105,0.6756458805790648
g_strand_mutations_G>T_g1,0.038222448637041696,0.648071802550005
g_strand_mutations_G>T_g2,-0.1393788892342843,0.09452643448402381
g_strand_mutations_G>T_g3,-0.2096279982439468,0.01138708566637298
g_strand_mutations_T>A_t1,-0.06038132400541355,0.4706308065184699
g_strand_mutations_T>A_t2,-0.18485328883886304,0.026022088524375854
g_strand_mutations_T>C_t1,0.046128349970491575,0.581671544538536
g_strand_mutations_T>C_t2,-0.1090237454327771,0.19177306652840173
g_strand_mutations_T>G_t1,0.040805272879827104,0.626038069172733
g_strand_mutations_T>G_t2,-0.09897123651672873,0.2362678497290209
g_strand_mutations_A>T_a1,-0.2753619001729221,0.0008018817967347862
g_strand_mutations_A>G_a1,-0.24340189797766545,0.0031769253312375653
g_strand_mutations_A>C_a1,-0.10740522747444542,0.19849213981058558
c_strand_mutations_C>A_c1,-0.10756873628429421,0.19780571988684262
c_strand_mutations_C>A_c2,-0.04296072928362914,0.6078986784684661
c_strand_mutations_C>A_c3,0.031124517975872602,0.7101645767615794
c_strand_mutations_C>G_c1,-0.15857804331912326,0.05676991760404366
c_strand_mutations_C>G_c2,-0.24590116760977987,0.002869986599391661
c_strand_mutations_C>G_c3,0.027712112595928196,0.7407401120081503
c_strand_mutations_C>T_c1,0.14819777951032095,0.07525144953278491
c_strand_mutations_C>T_c2,0.049507797878746596,0.5542819928868249
c_strand_mutations_C>T_c3,-0.10224946624542472,0.22102752999218866
c_strand_mutations_T>A_t1,-0.04552770103976484,0.5866043910420127
c_strand_mutations_T>C_t1,-0.136275633898255,0.10217337162589742
c_strand_mutations_T>G_t1,-0.12626308932245411,0.13020020112429817
c_strand_mutations_A>T_a1,-0.15569331223746294,0.061485299161301916
c_strand_mutations_A>T_a2,0.10064664299461248,0.22838952719165906
c_strand_mutations_A>G_a1,0.07956266458811431,0.34146310207295305
c_strand_mutations_A>G_a2,-0.17468994452150285,0.03559478046103776
c_strand_mutations_A>C_a1,0.08078480384602586,0.3340750796010038
c_strand_mutations_A>C_a2,-0.09406756324623052,0.26041231205753584
g_strand_mutations_G>A_g1_per_1k,-0.04807681009373246,0.5658033327690091
g_strand_mutations_G>A_g2_per_1k,0.24363908695533631,0.003146574011360007
g_strand_mutations_G>A_g3_per_1k,0.7011884530506713,9.211805050919605e-23
g_strand_mutations_G>C_g1_per_1k,0.6410569739342564,3.7852021265118284e-18
g_strand_mutations_G>C_g2_per_1k,0.3984030675136277,6.943943612028759e-07
g_strand_mutations_G>C_g3_per_1k,0.5002549719138416,1.486222270385663e-10
g_strand_mutations_G>T_g1_per_1k,0.698776731101707,1.4837618180215132e-22
g_strand_mutations_G>T_g2_per_1k,0.36580147325908274,6.052990593861191e-06
g_strand_mutations_G>T_g3_per_1k,0.6470783973623895,1.4539725893403003e-18
g_strand_mutations_T>A_t1_per_1k,0.5751858330226347,3.830831915149027e-14
g_strand_mutations_T>A_t2_per_1k,0.6168392660300733,1.4454828562126358e-16
g_strand_mutations_T>C_t1_per_1k,0.6966940594513353,2.230945368609316e-22
g_strand_mutations_T>C_t2_per_1k,0.6410569739342564,3.7852021265118284e-18
g_strand_mutations_T>G_t1_per_1k,0.7229097134799053,1.0044469723589132e-24
g_strand_mutations_T>G_t2_per_1k,0.7284956871116975,2.9295150524767846e-25
g_strand_mutations_A>T_a1_per_1k,0.6258576086447871,3.8640382807247767e-17
g_strand_mutations_A>G_a1_per_1k,0.613663043986176,2.2775229289118713e-16
g_strand_mutations_A>C_a1_per_1k,0.7351791518591542,6.438848339654621e-26
c_strand_mutations_C>A_c1_per_1k,0.5170286556977737,2.7769814811797852e-11
c_strand_mutations_C>A_c2_per_1k,0.5629400389762188,1.7075522754802054e-13
c_strand_mutations_C>A_c3_per_1k,0.5758360521755418,3.5324197032583524e-14
c_strand_mutations_C>G_c1_per_1k,0.4324548475152623,5.574602322247419e-08
c_strand_mutations_C>G_c2_per_1k,0.24533556783610289,0.0029370029300474156
c_strand_mutations_C>G_c3_per_1k,0.6041698443537333,8.601489437736479e-16
c_strand_mutations_C>T_c1_per_1k,0.6061500572284956,6.543004659931912e-16
c_strand_mutations_C>T_c2_per_1k,0.604159992548386,8.613162291981138e-16
c_strand_mutations_C>T_c3_per_1k,0.442379556221907,2.5326348167283534e-08
c_strand_mutations_T>A_t1_per_1k,0.6069500238226782,5.855331132028905e-16
c_strand_mutations_T>C_t1_per_1k,0.49312029448148886,2.952326357811691e-10
c_strand_mutations_T>G_t1_per_1k,0.46865629144362897,2.765265088325606e-09
c_strand_mutations_A>T_a1_per_1k,0.46031181231465534,5.702006910055521e-09
c_strand_mutations_A>T_a2_per_1k,0.6755776998704118,1.1548389273079412e-20
c_strand_mutations_A>G_a1_per_1k,0.6417071930871634,3.4171387449143093e-18
c_strand_mutations_A>G_a2_per_1k,0.4402850624051186,2.997768227066083e-08
c_strand_mutations_A>C_a1_per_1k,0.647062634473834,1.457659768230675e-18
c_strand_mutations_A>C_a2_per_1k,0.5493760733743642,8.334904001672422e-13
total_mutations_over_total_g_strand_2xrepeats_per_1k,0.7410823536231224,1.625025338277391e-26
